,Category,SubCategory,Unit,Month Sold,Units Sold
0,Fruits & Vegetables - Apples,"Apples, Blushing Gold",1/4 Peck,19-Sep,5.0
1,Fruits & Vegetables - Apples,"Apples, Blushing Gold",1/4 Peck,19-Oct,2.0
2,Fruits & Vegetables - Apples,"Apples, Bramley Seedling",1/4 Peck,19-Sep,4.0
3,Fruits & Vegetables - Apples,"Apples, Chehalis",Bushel,19-Aug,3.0
4,Fruits & Vegetables - Apples,"Apples, Chehalis",1/4 Peck,19-Aug,2.0
5,Fruits & Vegetables - Apples,"Apples, Cider",1 bushel,19-Sep,1.0
6,Fruits & Vegetables - Apples,"Apples, Collimar",Peck,19-Aug,1.0
7,Fruits & Vegetables - Apples,"Apples, Collimar",1/4 Peck,19-Aug,5.0
8,Fruits & Vegetables - Apples,"Apples, Collimar",1/4 Peck,19-Sep,2.0
9,Fruits & Vegetables - Apples,"Apples, Cribb' s Pink (Pink Lady)",Peck,19-Nov,2.0
10,Fruits & Vegetables - Apples,"Apples, Cribb' s Pink (Pink Lady)",1/4 Peck,19-Oct,2.0
11,Fruits & Vegetables - Apples,"Apples, Cribb' s Pink (Pink Lady)",1/4 Peck,19-Nov,33.0
12,Fruits & Vegetables - Apples,"Apples, Criterion",Bushel,19-Oct,2.0
13,Fruits & Vegetables - Apples,"Apples, Criterion",1/4 Peck,19-Oct,1.0
14,Fruits & Vegetables - Apples,"Apples, Criterion",1/4 Peck,19-Nov,2.0
15,Fruits & Vegetables - Apples,"Apples, Dula Beauty",1/4 Peck,19-Sep,3.0
16,Fruits & Vegetables - Apples,"Apples, Dula Beauty",1/4 Peck,19-Oct,2.0
17,Fruits & Vegetables - Apples,"Apples, Earliblaze",1/4 peck,19-Jul,1.0
18,Fruits & Vegetables - Apples,"Apples, Early Transparent",Peck,19-Jul,1.0
19,Fruits & Vegetables - Apples,"Apples, Early Transparent",Bushel,19-Jul,1.0
20,Fruits & Vegetables - Apples,"Apples, Early Yellow Transparent",Peck,19-Jul,2.0
21,Fruits & Vegetables - Apples,"Apples, Early Yellow Transparent",Bushel,19-Jul,1.0
22,Fruits & Vegetables - Apples,"Apples, Early Yellow Transparent",1/4 Peck,19-Jun,2.0
23,Fruits & Vegetables - Apples,"Apples, Early Yellow Transparent",1/4 Peck,19-Jul,7.0
24,Fruits & Vegetables - Apples,"Apples, Empire",Peck,19-Sep,1.0
25,Fruits & Vegetables - Apples,"Apples, Empire",1/4 Peck,19-Sep,7.0
26,Fruits & Vegetables - Apples,"Apples, Empire",1/4 Peck,19-Oct,1.0
27,Fruits & Vegetables - Apples,"Apples, Enterprise",1/4 Peck,19-Nov,12.0
28,Fruits & Vegetables - Apples,"Apples, Famuse/Snow",1/4 Peck,19-Oct,2.0
29,Fruits & Vegetables - Apples,"Apples, Farmer's Choice",1 bushel - sweet,19-Sep,1.0
30,Fruits & Vegetables - Apples,"Apples, Farmer's Choice",1 bushel - sweet,19-Oct,5.0
31,Fruits & Vegetables - Apples,"Apples, Farmer's Choice",1 bushel - sweet,19-Nov,3.0
32,Fruits & Vegetables - Apples,"Apples, Farmer's Choice",1 bushel - sweet,19-Dec,3.0
33,Fruits & Vegetables - Apples,"Apples, Farmer's Choice",1 bushel - mixed varieties,19-Oct,1.0
34,Fruits & Vegetables - Apples,"Apples, Farmer's Choice (cooking, slightly tart)",1 bushel - tart,19-Oct,3.0
35,Fruits & Vegetables - Apples,"Apples, Farmer's Choice (Gold Rush)",1 bushel - sweet,19-Nov,1.0
36,Fruits & Vegetables - Apples,"Apples, Fuji",1/4 Peck,19-Jan,2.0
37,Fruits & Vegetables - Apples,"Apples, Fuji",1/4 Peck,19-Sep,8.0
38,Fruits & Vegetables - Apples,"Apples, Fuji",1/4 Peck,19-Oct,27.0
39,Fruits & Vegetables - Apples,"Apples, Fuji",1/4 Peck,19-Nov,15.0
40,Fruits & Vegetables - Apples,"Apples, Gala",Peck,19-Oct,1.0
41,Fruits & Vegetables - Apples,"Apples, Gala",Bushel,19-Aug,1.0
42,Fruits & Vegetables - Apples,"Apples, Gala",Bushel,19-Sep,3.0
43,Fruits & Vegetables - Apples,"Apples, Gala",1/4 Peck,19-Sep,18.0
44,Fruits & Vegetables - Apples,"Apples, Gala",1/4 Peck,19-Oct,4.0
45,Fruits & Vegetables - Apples,"Apples, Geneva",Peck,19-Sep,1.0
46,Fruits & Vegetables - Apples,"Apples, Geneva",1/4 Peck,19-Sep,1.0
47,Fruits & Vegetables - Apples,"Apples, Gold Rush",Peck,18-Dec,2.0
48,Fruits & Vegetables - Apples,"Apples, Gold Rush",Peck,19-Nov,5.0
49,Fruits & Vegetables - Apples,"Apples, Gold Rush",Peck,19-Dec,3.0
50,Fruits & Vegetables - Apples,"Apples, Gold Rush",Bushel,19-Dec,1.0
51,Fruits & Vegetables - Apples,"Apples, Gold Rush",1/4 Peck,18-Dec,5.0
52,Fruits & Vegetables - Apples,"Apples, Gold Rush",1/4 Peck,19-Nov,21.0
53,Fruits & Vegetables - Apples,"Apples, Gold Rush",1/4 Peck,19-Dec,16.0
54,Fruits & Vegetables - Apples,"Apples, Gold Wolf River",1/4 Peck,19-Aug,2.0
55,Fruits & Vegetables - Apples,"Apples, Gold Wolf River",1/4 Peck,19-Sep,1.0
56,Fruits & Vegetables - Apples,"Apples, Golden Delicious",1/4 Peck,19-Sep,5.0
57,Fruits & Vegetables - Apples,"Apples, Granny Smith",1/4 Peck,19-Oct,4.0
58,Fruits & Vegetables - Apples,"Apples, Green Pippin",1/4 Peck,19-Sep,4.0
59,Fruits & Vegetables - Apples,"Apples, Grimes Golden",1/4 Peck,19-Sep,6.0
60,Fruits & Vegetables - Apples,"Apples, Idared Jonathan",Bushel,19-Sep,1.0
61,Fruits & Vegetables - Apples,"Apples, Idared Jonathan",1/4 Peck,19-Sep,5.0
62,Fruits & Vegetables - Apples,"Apples, Idared Jonathan",1/4 Peck,19-Oct,2.0
63,Fruits & Vegetables - Apples,"Apples, JonaGold",1/4 Peck,19-Aug,2.0
64,Fruits & Vegetables - Apples,"Apples, JonaGold",1/4 Peck,19-Sep,2.0
65,Fruits & Vegetables - Apples,"Apples, JonaGold",1/4 Peck,19-Oct,3.0
66,Fruits & Vegetables - Apples,"Apples, JonaGold",1 bushel less 11 lbs.,19-Aug,1.0
67,Fruits & Vegetables - Apples,"Apples, JonaMac",1/4 peck,19-Aug,1.0
68,Fruits & Vegetables - Apples,"Apples, JonaMac",1/4 peck,19-Sep,3.0
69,Fruits & Vegetables - Apples,"Apples, Lodi",Peck,19-Jul,1.0
70,Fruits & Vegetables - Apples,"Apples, Lodi",1/4 Peck,19-Jun,3.0
71,Fruits & Vegetables - Apples,"Apples, Lodi",1/4 Peck,19-Jul,2.0
72,Fruits & Vegetables - Apples,"Apples, Macoun",1/4 Peck,19-Sep,2.0
73,Fruits & Vegetables - Apples,"Apples, Maidens Blush",1/4 Peck,19-Aug,5.0
74,Fruits & Vegetables - Apples,"Apples, McIntosh",1/4 Peck,19-Aug,13.0
75,Fruits & Vegetables - Apples,"Apples, McIntosh",1/4 Peck,19-Sep,9.0
76,Fruits & Vegetables - Apples,"Apples, Mixed Varieties",1/4 Peck,19-Oct,1.0
77,Fruits & Vegetables - Apples,"Apples, Mutsu/Crispin",1/4 Peck,19-Sep,3.0
78,Fruits & Vegetables - Apples,"Apples, Mutsu/Crispin",1/4 Peck,19-Oct,5.0
79,Fruits & Vegetables - Apples,"Apples, Mutsu/Crispin ",1/4 Peck,19-Sep,3.0
80,Fruits & Vegetables - Apples,"Apples, Mutsu/Crispin ",1/4 Peck,19-Oct,2.0
81,Fruits & Vegetables - Apples,"Apples, Northern Spy",1/4 Peck,19-Sep,1.0
82,Fruits & Vegetables - Apples,"Apples, Ole Timey Spice",1/4 Peck,19-Aug,2.0
83,Fruits & Vegetables - Apples,"Apples, Ole Timey Spice",1/4 Peck,19-Sep,1.0
84,Fruits & Vegetables - Apples,"Apples, Ozark Gold",Bushel,19-Aug,1.0
85,Fruits & Vegetables - Apples,"Apples, Ozark Gold",1/4 Peck,19-Aug,5.0
86,Fruits & Vegetables - Apples,"Apples, Ozark Gold",1/4 Peck,19-Sep,1.0
87,Fruits & Vegetables - Apples,"Apples, Pound Pippin",1/4 Peck,19-Sep,1.0
88,Fruits & Vegetables - Apples,"Apples, Prairie Spy",Peck,19-Sep,1.0
89,Fruits & Vegetables - Apples,"Apples, Prairie Spy",1/4 Peck,19-Sep,1.0
90,Fruits & Vegetables - Apples,"Apples, Prairie Spy",1/4 Peck,19-Oct,2.0
91,Fruits & Vegetables - Apples,"Apples, Pristine",1/4 Peck,19-Jul,4.0
92,Fruits & Vegetables - Apples,"Apples, Red Delicious",Peck,19-Sep,1.0
93,Fruits & Vegetables - Apples,"Apples, Red Delicious",1/4 Peck,19-Aug,3.0
94,Fruits & Vegetables - Apples,"Apples, Red Delicious",1/4 Peck,19-Sep,2.0
95,Fruits & Vegetables - Apples,"Apples, Red Gold",1/4 Peck,19-Sep,3.0
96,Fruits & Vegetables - Apples,"Apples, Red Rome Beauty",Peck,18-Dec,1.0
97,Fruits & Vegetables - Apples,"Apples, Red Rome Beauty",Bushel,19-Sep,1.0
98,Fruits & Vegetables - Apples,"Apples, Red Rome Beauty",Bushel,19-Oct,1.0
99,Fruits & Vegetables - Apples,"Apples, Red Rome Beauty",1/4 Peck,18-Dec,3.0
100,Fruits & Vegetables - Apples,"Apples, Red Rome Beauty",1/4 Peck,19-Jan,7.0
101,Fruits & Vegetables - Apples,"Apples, Red Rome Beauty",1/4 Peck,19-Oct,1.0
102,Fruits & Vegetables - Apples,"Apples, Roxbury Russet",1/4 peck,19-Sep,2.0
103,Fruits & Vegetables - Apples,"Apples, Roxbury Russet",1/4 peck,19-Oct,3.0
104,Fruits & Vegetables - Apples,"Apples, Royal Limbertwig",1/4 Peck,19-Sep,1.0
105,Fruits & Vegetables - Apples,"Apples, Royal Limbertwig",1/4 Peck,19-Oct,9.0
106,Fruits & Vegetables - Apples,"Apples, Royal Limbertwig",1/4 Peck,19-Nov,1.0
107,Fruits & Vegetables - Apples,"Apples, Senator",1/4 Peck,19-Oct,4.0
108,Fruits & Vegetables - Apples,"Apples, Sour Rusty Coat",1/4 Peck,19-Aug,4.0
109,Fruits & Vegetables - Apples,"Apples, Spice",Peck,19-Aug,3.0
110,Fruits & Vegetables - Apples,"Apples, Spice",Bushel,19-Aug,1.0
111,Fruits & Vegetables - Apples,"Apples, Spice",1/4 Peck,19-Aug,11.0
112,Fruits & Vegetables - Apples,"Apples, Spice",1/4 Peck,19-Sep,1.0
113,Fruits & Vegetables - Apples,"Apples, Spigold",Peck,19-Sep,1.0
114,Fruits & Vegetables - Apples,"Apples, Spigold",1/4 Peck,19-Aug,2.0
115,Fruits & Vegetables - Apples,"Apples, Spigold",1/4 Peck,19-Sep,2.0
116,Fruits & Vegetables - Apples,"Apples, Spigold",1/4 Peck,19-Oct,6.0
117,Fruits & Vegetables - Apples,"Apples, Stayman/Winesap",Peck,19-Oct,2.0
118,Fruits & Vegetables - Apples,"Apples, Stayman/Winesap",1/4 Peck,19-Sep,3.0
119,Fruits & Vegetables - Apples,"Apples, Stayman/Winesap",1/4 Peck,19-Oct,11.0
120,Fruits & Vegetables - Apples,"Apples, Stayman/Winesap",1/4 Peck,19-Nov,1.0
121,Fruits & Vegetables - Apples,"Apples, Striped Rome Beauty",Bushel,19-Sep,1.0
122,Fruits & Vegetables - Apples,"Apples, Striped Rome Beauty",Bushel,19-Oct,1.0
123,Fruits & Vegetables - Apples,"Apples, Summer Banana",1/4 Peck,19-Aug,2.0
124,Fruits & Vegetables - Apples,"Apples, Summer Banana",1/4 Peck,19-Sep,1.0
125,Fruits & Vegetables - Apples,"Apples, Summer Rambo",1/4 Peck,19-Aug,5.0
126,Fruits & Vegetables - Apples,"Apples, Summer Treat",Bushel,19-Jul,2.0
127,Fruits & Vegetables - Apples,"Apples, Summer Treat",1/4 Peck,19-Jul,9.0
128,Fruits & Vegetables - Apples,"Apples, Sweet Dixon",1/4 peck,19-Jul,3.0
129,Fruits & Vegetables - Apples,"Apples, Sweet Dixon",1/4 peck,19-Aug,2.0
130,Fruits & Vegetables - Apples,"Apples, Sweet Rusty Coat",1/4 Peck,19-Aug,2.0
131,Fruits & Vegetables - Apples,"Apples, Tolman Sweet",Peck,19-Jul,1.0
132,Fruits & Vegetables - Apples,"Apples, Tolman Sweet",1/4 Peck,19-Jul,10.0
133,Fruits & Vegetables - Apples,"Apples, Virginia Beauty",Peck,19-Sep,1.0
134,Fruits & Vegetables - Apples,"Apples, Virginia Beauty",Peck,19-Oct,1.0
135,Fruits & Vegetables - Apples,"Apples, Virginia Beauty",1/4 Peck,19-Sep,6.0
136,Fruits & Vegetables - Apples,"Apples, Virginia Gold",1/4 Peck,19-Sep,4.0
137,Fruits & Vegetables - Apples,"Apples, Virginia Gold",1/4 Peck,19-Oct,8.0
138,Fruits & Vegetables - Apples,"Apples, Williams Pride",Peck,19-Jul,1.0
139,Fruits & Vegetables - Apples,"Apples, Williams Pride",1/4 Peck,19-Jul,9.0
140,Fruits & Vegetables - Apples,"Apples, Winter Banana",Peck,19-Oct,1.0
141,Fruits & Vegetables - Apples,"Apples, Winter Banana",1/4 Peck,19-Oct,11.0
142,Fruits & Vegetables - Apples,"Apples, Winter Banana",1/4 Peck,19-Nov,4.0
143,Fruits & Vegetables - Apples,"Apples, Winter Greening",Peck,19-Sep,2.0
144,Fruits & Vegetables - Apples,"Apples, Wolf River",Peck,19-Aug,1.0
145,Fruits & Vegetables - Apples,"Apples, Wolf River",Peck,19-Sep,2.0
146,Fruits & Vegetables - Apples,"Apples, Wolf River",1/4 Peck,19-Aug,13.0
147,Fruits & Vegetables - Apples,"Apples, Wolf River",1/4 Peck,19-Sep,9.0
148,Fruits & Vegetables - Apples,"Apples, Yoko",Peck,19-Oct,1.0
149,Fruits & Vegetables - Apples,"Apples, Yoko",1/4 Peck,19-Oct,10.0
150,Fruits & Vegetables - Apples,"Apples, Yoko",1/4 Peck,19-Nov,3.0
151,Fruits & Vegetables - Apples,"Apples, Zesty Zee",1/4 Peck,19-Aug,1.0
152,Fruits & Vegetables - Greens,Arugula,1/4 lb. bag,18-Dec,20.0
153,Fruits & Vegetables - Greens,Arugula,1/4 lb. bag,19-Jan,61.0
154,Fruits & Vegetables - Greens,Arugula,1/4 lb. bag,19-Feb,62.0
155,Fruits & Vegetables - Greens,Arugula,1/4 lb. bag,19-Apr,49.0
156,Fruits & Vegetables - Greens,Arugula,1/4 lb. bag,19-May,37.0
157,Fruits & Vegetables - Greens,Arugula,1/4 lb. bag,19-Jun,34.0
158,Fruits & Vegetables - Greens,Arugula,1/4 lb. bag,19-Jul,4.0
159,Fruits & Vegetables - Greens,Arugula,1/4 lb. bag,19-Oct,36.0
160,Fruits & Vegetables - Greens,Arugula,1/4 lb. bag,19-Nov,8.0
161,Fruits & Vegetables - Greens,Arugula,1/3 lb. bag,19-Jan,16.0
162,Fruits & Vegetables - Greens,Arugula,1/3 lb. bag,19-Apr,13.0
163,Fruits & Vegetables - Greens,Arugula,1/3 lb. bag,19-May,15.0
164,Fruits & Vegetables - Greens,Arugula,1/3 lb. bag,19-Jun,10.0
165,Fruits & Vegetables - Greens,Arugula,1/3 lb. bag,19-Jul,12.0
166,Fruits & Vegetables - Greens,Arugula,1/3 lb. bag,19-Aug,25.0
167,Fruits & Vegetables - Greens,Arugula,1/3 lb. bag,19-Sep,49.0
168,Fruits & Vegetables - Greens,Arugula,1/3 lb. bag,19-Oct,27.0
169,Fruits & Vegetables - Greens,Arugula,1/3 lb. bag,19-Nov,6.0
170,Fruits & Vegetables - Greens,Asian Greens,Bunch (4-8 oz),19-Jan,25.0
171,Fruits & Vegetables - Greens,Asian Greens,Bunch (4-8 oz),19-Feb,19.0
172,Fruits & Vegetables - Greens,Asian Greens,Bunch (4-8 oz),19-Mar,13.0
173,Fruits & Vegetables - Greens,Asian Greens,Bunch (4-8 oz),19-Apr,11.0
174,Fruits & Vegetables - Greens,Asian Greens,Bunch (4-8 oz),19-May,8.0
175,Fruits & Vegetables - Greens,Asian Greens,Bunch (4-8 oz),19-Jun,10.0
176,Fruits & Vegetables - Greens,Asian Greens,Bunch (4-8 oz),19-Jul,6.0
177,Fruits & Vegetables - Greens,Asian Greens,Bunch (4-8 oz),19-Aug,11.0
178,Fruits & Vegetables - Greens,Asian Greens,Bunch (4-8 oz),19-Sep,7.0
179,Fruits & Vegetables - Greens,Asian Greens,Bunch (4-8 oz),19-Oct,1.0
180,Fruits & Vegetables - Greens,Asian Greens,Bunch (4-8 oz),19-Nov,14.0
181,Fruits & Vegetables - Greens,Asian Greens,Bunch (4-8 oz),19-Dec,11.0
182,Fruits & Vegetables - Greens,Baby Beet Greens,4 oz bag,19-Nov,5.0
183,Fruits & Vegetables - Greens,Baby Beet Greens,4 oz bag,19-Dec,3.0
184,Fruits & Vegetables - Fermented Products,Baby dills,Pint,19-Aug,2.0
185,Fruits & Vegetables - Herbs,"Basil, for Pesto",1 bag (about 1.33 lbs.),19-Aug,5.0
186,Fruits & Vegetables - Herbs,"Basil, for Pesto",1 bag (about 1.33 lbs.),19-Sep,14.0
187,Fruits & Vegetables - Herbs,"Basil, Fresh - Mixed Varieties",4 oz. bag,19-Jun,3.0
188,Fruits & Vegetables - Herbs,"Basil, Fresh - Mixed Varieties",4 oz. bag,19-Jul,10.0
189,Fruits & Vegetables - Herbs,"Basil, Fresh - Mixed Varieties",4 oz. bag,19-Aug,5.0
190,Fruits & Vegetables - Herbs,"Basil, Fresh - Mixed Varieties",4 oz. bag,19-Sep,1.0
191,Fruits & Vegetables - Herbs,"Basil, Fresh - Mixed Varieties",2 oz. bag,19-Jul,4.0
192,Fruits & Vegetables - Herbs,"Basil, Fresh - Mixed Varieties",2 oz. bag,19-Aug,1.0
193,Fruits & Vegetables - Herbs,"Basil, Fresh - Mixed Varieties",2 oz. bag,19-Sep,2.0
194,Fruits & Vegetables - Herbs,"Basil, Fresh - Mixed Varieties (2 oz bag)",4 oz. bag,19-Jun,6.0
195,Fruits & Vegetables - Herbs,"Basil, Fresh - Purple Opal",1 ounce bag,19-Jul,3.0
196,Fruits & Vegetables - Herbs,"Basil, Fresh - Purple Opal",1 ounce bag,19-Aug,1.0
197,Fruits & Vegetables - Herbs,"Basil, Fresh - Sweet Genovese (green)",3 ounces ,19-Aug,9.0
198,Fruits & Vegetables - Herbs,"Basil, Fresh - Sweet Genovese (green)",3 ounces ,19-Sep,8.0
199,Fruits & Vegetables - Herbs,"Basil, Fresh - Sweet Genovese (green)",1 ounce bag,19-Jul,4.0
200,Fruits & Vegetables - Herbs,"Basil, Fresh - Sweet Genovese (green)",1 ounce bag,19-Aug,1.0
201,Fruits & Vegetables - Herbs,"Basil, Fresh - Sweet Genovese (green)",1 ounce,19-Aug,13.0
202,Fruits & Vegetables - Herbs,"Basil, Fresh - Sweet Genovese (green)",1 ounce,19-Sep,9.0
203,Fruits & Vegetables - Herbs,"Basil, Fresh - Sweet Genovese (green)",1 ounce,19-Oct,9.0
204,Fruits & Vegetables - Beans & Peas,"Beans, Assorted",Pound,19-Jul,8.0
205,Fruits & Vegetables - Beans & Peas,"Beans, Dwarf Horton Horticultural",pound,19-Jul,6.0
206,Fruits & Vegetables - Beans & Peas,"Beans, Dwarf Horton Horticultural",pound,19-Aug,4.0
207,Fruits & Vegetables - Beans & Peas,"Beans, Half Runner",Pound,19-Sep,23.0
208,Fruits & Vegetables - Beans & Peas,"Beans, Haricots Verts",1 lb,19-Aug,14.0
209,Fruits & Vegetables - Beans & Peas,"Beans, Haricots Verts ",1 lb,19-Aug,1.0
210,Fruits & Vegetables - Beans & Peas,"Beans, Snap",Pound,19-Jun,9.0
211,Fruits & Vegetables - Beans & Peas,"Beans, Snap",Pound,19-Jul,90.0
212,Fruits & Vegetables - Beans & Peas,"Beans, Snap",Pound,19-Aug,63.0
213,Fruits & Vegetables - Beans & Peas,"Beans, Snap",Pound,19-Sep,14.0
214,Fruits & Vegetables - Beans & Peas,"Beans, Snap",Pound,19-Oct,5.0
215,Fruits & Vegetables - Beets,Beets,1 bunch,19-Jan,1.0
216,Fruits & Vegetables - Beets,Beets,1 bunch,19-Feb,7.0
217,Fruits & Vegetables - Beets,Beets,1 bunch,19-May,53.0
218,Fruits & Vegetables - Beets,Beets,1 bunch,19-Jun,101.0
219,Fruits & Vegetables - Beets,Beets,1 bunch,19-Jul,35.0
220,Fruits & Vegetables - Beets,Beets,1 bunch,19-Aug,3.0
221,Fruits & Vegetables - Beets,Beets,1 bunch,19-Sep,5.0
222,Fruits & Vegetables - Beets,Beets,1 bunch,19-Oct,10.0
223,Fruits & Vegetables - Fermented Products,Beets and ginger,Pint,19-Aug,4.0
224,Fruits & Vegetables - Beets,"Beets, Without Greens",Pound,19-Jul,24.0
225,Fruits & Vegetables - Beets,"Beets, Without Greens",Pound,19-Aug,54.0
226,Fruits & Vegetables - Beets,"Beets, Without Greens",12 - 16 oz,19-Jul,1.0
227,Fruits & Vegetables - Beets,"Beets, Without Greens",12 - 16 oz,19-Aug,5.0
228,Fruits & Vegetables - Beets,"Beets, Without Greens",1 Pound,19-Jun,2.0
229,Fruits & Vegetables - Beets,"Beets, Without Greens",1 Pound,19-Jul,34.0
230,Fruits & Vegetables - Beets,"Beets, Without Greens",1 Pound,19-Aug,25.0
231,Fruits & Vegetables - Beets,"Beets, Without Greens",1 Pound,19-Sep,76.0
232,Fruits & Vegetables - Berries,Blueberries,1 quart,19-Jun,17.0
233,Fruits & Vegetables - Berries,Blueberries,1 quart,19-Jul,39.0
234,Fruits & Vegetables - Berries,Blueberries,2 pints,19-Jul,13.0
235,Fruits & Vegetables - Berries,Blueberries,2 pints,19-Aug,12.0
236,Fruits & Vegetables - Berries,Blueberries,1 pint,19-Jun,56.0
237,Fruits & Vegetables - Berries,Blueberries,1 pint,19-Jul,65.0
238,Fruits & Vegetables - Berries,Blueberries,1 pint,19-Aug,46.0
239,Fruits & Vegetables - Berries,Blueberries,1 gallon,19-Jul,6.0
240,Fruits & Vegetables - Berries,Blueberries (Frozen),1 quart,19-Sep,30.0
241,Fruits & Vegetables - Greens,"Bok Choy, Green",1 head,19-May,34.0
242,Fruits & Vegetables - Greens,"Bok Choy, Green",1 head,19-Jun,16.0
243,Fruits & Vegetables - Greens,"Bok Choy, Green",1 head,19-Sep,8.0
244,Fruits & Vegetables - Greens,"Bok Choy, Green",1 head,19-Oct,20.0
245,Fruits & Vegetables - Greens,"Bok Choy, Purple",1 head,19-May,2.0
246,Fruits & Vegetables - Greens,"Bok Choy, Purple",1 head,19-Jun,16.0
247,Fruits & Vegetables - Greens,"Bok Choy, Purple",1 head,19-Sep,20.0
248,Fruits & Vegetables - Greens,"Bok Choy, Purple",1 head,19-Oct,17.0
249,Fruits & Vegetables - Greens,"Bok Choy, Purple",1 head,19-Nov,5.0
250,Fruits & Vegetables - Broccoli,Broccoli,.75 lb. to 1 lb crown,19-May,6.0
251,Fruits & Vegetables - Broccoli,Broccoli,.75 lb. to 1 lb crown,19-Jun,30.0
252,Fruits & Vegetables - Broccoli,Broccoli,.75 lb. to 1 lb crown,19-Oct,17.0
253,Fruits & Vegetables - Broccoli,Broccoli,.5 to 1 lb crown,19-Jun,7.0
254,Fruits & Vegetables - Broccoli,Broccoli ,.75 lb. to 1 lb crown,19-May,5.0
255,Fruits & Vegetables - Broccoli,Broccoli ,.75 lb. to 1 lb crown,19-Jun,3.0
256,Fruits & Vegetables - Broccoli,Broccoli ,.75 lb. to 1 lb crown,19-Oct,3.0
257,Fruits & Vegetables - Broccoli,Broccoli ,.5 to 1 lb crown,19-Jun,1.0
258,Fruits & Vegetables - Broccoli,Broccoli Raab,1 bunch,19-Jan,7.0
259,Fruits & Vegetables - Broccoli,Broccoli Raab,1 bunch,19-Oct,7.0
260,Fruits & Vegetables - Broccoli,Broccoli Raab,1 bunch,19-Nov,12.0
261,Fruits & Vegetables - Broccoli,Broccoli Raab,1 bunch,19-Dec,4.0
262,Fruits & Vegetables - Broccoli,"Broccoli, Arcadia",.25-1 pound head,19-Jun,5.0
263,Fruits & Vegetables - Broccoli,"Broccoli, Arcadia",.25-1 pound head,19-Jul,2.0
264,Fruits & Vegetables - Broccoli,"Broccoli, Arcadia",.25-1 pound head,19-Oct,3.0
265,Fruits & Vegetables - Cabbage,Cabbage,1 head - 2-4lbs,19-Jun,5.0
266,Fruits & Vegetables - Cabbage,Cabbage,1 head - 2-4lbs,19-Oct,1.0
267,Fruits & Vegetables - Cabbage,"Cabbage, Chinese",Bunch,19-Jan,20.0
268,Fruits & Vegetables - Cabbage,"Cabbage, Chinese",Bunch,19-Dec,4.0
269,Fruits & Vegetables - Cabbage,"Cabbage, Chinese",2 heads (totally 1.5 to 2lbs),19-Sep,25.0
270,Fruits & Vegetables - Cabbage,"Cabbage, Chinese",2 heads (totally 1.5 to 2lbs),19-Oct,29.0
271,Fruits & Vegetables - Cabbage,"Cabbage, Chinese",2 heads (totally 1.5 to 2lbs),19-Nov,4.0
272,Fruits & Vegetables - Cabbage,"Cabbage, Dutch Flat Head",1 head - 2-4lbs,19-Jun,8.0
273,Fruits & Vegetables - Cabbage,"Cabbage, Dutch Flat Head",1 head - 2-4lbs,19-Jul,9.0
274,Fruits & Vegetables - Cabbage,"Cabbage, Green",1-3 pound head,19-Jun,3.0
275,Fruits & Vegetables - Cabbage,"Cabbage, Green",1-3 pound head,19-Jul,3.0
276,Fruits & Vegetables - Cabbage,"Cabbage, Green",1-3 pound head,19-Oct,1.0
277,Fruits & Vegetables - Cabbage,"Cabbage, Green",1-3 pound head,19-Nov,3.0
278,Fruits & Vegetables - Carrots,Carrots,1 Pound,19-Jun,35.0
279,Fruits & Vegetables - Carrots,Carrots,1 Pound,19-Jul,69.0
280,Fruits & Vegetables - Carrots,Carrots,1 Pound,19-Aug,114.0
281,Fruits & Vegetables - Carrots,Carrots,3 Pound,19-Jul,1.0
282,Fruits & Vegetables - Carrots,Carrots,3 Pound,19-Aug,10.0
283,Fruits & Vegetables - Carrots,Carrots,1 lb,19-Jun,44.0
284,Fruits & Vegetables - Carrots,Carrots,1 lb,19-Jul,26.0
285,Fruits & Vegetables - Carrots,Carrots,1 bunch,19-Jun,25.0
286,Fruits & Vegetables - Carrots,Carrots,1 bunch,19-Jul,17.0
287,Fruits & Vegetables - Carrots,Carrots,1 bunch,19-Aug,2.0
288,Fruits & Vegetables - Carrots,Carrots,1 bunch,19-Sep,11.0
289,Fruits & Vegetables - Carrots,"Carrots, Without Tops",Pound,19-Jul,59.0
290,Fruits & Vegetables - Fermented Products,"Cayenne Hot Sauce, Fermented",5oz,19-Dec,4.0
291,Fruits & Vegetables - Celery,Celery,1 celery head,19-Aug,7.0
292,Fruits & Vegetables - Celery,Celery,1 celery head,19-Sep,12.0
293,Fruits & Vegetables - Fermented Products,Chow chow,Pint,19-Aug,1.0
294,Fruits & Vegetables - Herbs,"Cilantro, Fresh",1 ounce bag,19-Jul,5.0
295,Fruits & Vegetables - Herbs,"Cilantro, Fresh",1 ounce bag,19-Aug,4.0
296,Fruits & Vegetables - Herbs,"Cilantro, Fresh",1 bunch,19-Jan,6.0
297,Fruits & Vegetables - Herbs,"Cilantro, Fresh",1 bunch,19-Feb,5.0
298,Fruits & Vegetables - Herbs,"Cilantro, Fresh",1 bunch,19-Mar,4.0
299,Fruits & Vegetables - Herbs,"Cilantro, Fresh",1 bunch,19-Apr,5.0
300,Fruits & Vegetables - Herbs,"Cilantro, Fresh",1 bunch,19-May,10.0
301,Fruits & Vegetables - Herbs,"Cilantro, Fresh",1 bunch,19-Aug,14.0
302,Fruits & Vegetables - Herbs,"Cilantro, Fresh",1 bunch,19-Sep,22.0
303,Fruits & Vegetables - Herbs,"Cilantro, Fresh",1 bunch,19-Oct,24.0
304,Fruits & Vegetables - Herbs,"Cilantro, Fresh",1 bunch,19-Nov,16.0
305,Fruits & Vegetables - Herbs,"Cilantro, Fresh",1 bunch,19-Dec,5.0
306,Fruits & Vegetables - Greens,Collards,Bunch (12-16 oz),19-Jan,5.0
307,Fruits & Vegetables - Greens,Collards,Bunch (12-16 oz),19-Feb,1.0
308,Fruits & Vegetables - Greens,Collards,Bunch (12-16 oz),19-Jun,1.0
309,Fruits & Vegetables - Greens,Collards,Bunch (12-16 oz),19-Jul,4.0
310,Fruits & Vegetables - Greens,Collards,Bunch (12-16 oz),19-Aug,5.0
311,Fruits & Vegetables - Greens,Collards,Bunch (12-16 oz),19-Sep,4.0
312,Fruits & Vegetables - Greens,Collards,Bunch (12-16 oz),19-Oct,7.0
313,Fruits & Vegetables - Greens,Collards,Bunch (12-16 oz),19-Nov,11.0
314,Fruits & Vegetables - Greens,Collards,Bunch (12-16 oz),19-Dec,4.0
315,Fruits & Vegetables - Greens,Collards,5 lb bag,19-Oct,6.0
316,Fruits & Vegetables - Greens,Collards,1 bunch,18-Dec,10.0
317,Fruits & Vegetables - Greens,Collards,1 bunch,19-May,61.0
318,Fruits & Vegetables - Greens,Collards,1 bunch,19-Jun,31.0
319,Fruits & Vegetables - Greens,Collards,1 bunch,19-Jul,17.0
320,Fruits & Vegetables - Greens,Collards,1 bunch,19-Aug,8.0
321,Fruits & Vegetables - Greens,Collards,1 bunch,19-Sep,32.0
322,Fruits & Vegetables - Greens,Collards,1 bunch,19-Oct,42.0
323,Fruits & Vegetables - Greens,Collards,1 bunch,19-Nov,1.0
324,Fruits & Vegetables - Greens,Collards,1 bunch,19-Dec,1.0
325,Fruits & Vegetables - Corn,"Corn, Unshucked",1 ear,19-Aug,104.0
326,Fruits & Vegetables - Apples,"Credit: Apples, Bramley Seedling",1/4 Peck,19-Sep,-2.0
327,Fruits & Vegetables - Apples,"Credit: Apples, Golden Delicious",1/4 Peck,19-Sep,-1.0
328,Fruits & Vegetables - Apples,"Credit: Apples, Idared Jonathan",1/4 Peck,19-Oct,-1.0
329,Fruits & Vegetables - Apples,"Credit: Apples, Red Delicious",Peck,19-Sep,-1.0
330,Fruits & Vegetables - Apples,"Credit: Apples, Roxbury Russet",1/4 peck,19-Oct,-2.0
331,Fruits & Vegetables - Apples,"Credit: Apples, Spice",1/4 Peck,19-Aug,-1.0
332,Fruits & Vegetables - Apples,"Credit: Apples, Wolf River",1/4 Peck,19-Aug,-1.0
333,Fruits & Vegetables - Greens,Credit: Arugula,1/3 lb. bag,19-Aug,-4.0
334,Fruits & Vegetables - Herbs,"Credit: Basil, for Pesto",1 bag (about 1.33 lbs.),19-Aug,-1.0
335,Fruits & Vegetables - Herbs,"Credit: Basil, Fresh - Mixed Varieties",4 oz. bag,19-Jul,-1.0
336,Fruits & Vegetables - Herbs,"Credit: Basil, Fresh - Sweet Genovese (green)",3 ounces ,19-Aug,-1.0
337,Fruits & Vegetables - Herbs,"Credit: Basil, Fresh - Sweet Genovese (green)",3 ounces ,19-Sep,-1.0
338,Fruits & Vegetables - Herbs,"Credit: Basil, Fresh - Sweet Genovese (green)",1 ounce,19-Aug,-1.0
339,Fruits & Vegetables - Beans & Peas,"Credit: Beans, Haricots Verts ",1 lb,19-Aug,-1.0
340,Fruits & Vegetables - Beans & Peas,"Credit: Beans, Snap",Pound,19-Aug,-1.0
341,Fruits & Vegetables - Berries,Credit: Blueberries,2 pints,19-Aug,-1.0
342,Fruits & Vegetables - Berries,Credit: Blueberries,1 quart,19-Jul,-1.0
343,Fruits & Vegetables - Carrots,Credit: Carrots,1 Pound,19-Aug,-13.0
344,Fruits & Vegetables - Cucumbers,Credit: Cucumbers,Pound,19-Aug,-5.0
345,Fruits & Vegetables - Beans & Peas,"Credit: Dried Beans, Red Kidney",2 lb bag,19-Feb,-2.0
346,Fruits & Vegetables - Eggplant,Credit: Eggplant,Pound,19-Aug,-6.0
347,Fruits & Vegetables - Garlic and Ramps,"Credit: Garlic sprig, Elephant - fresh",1 sprig,19-Jun,-1.0
348,Fruits & Vegetables - Garlic and Ramps,"Credit: Garlic, Green - whole plant",1 bunch,19-May,-1.0
349,Fruits & Vegetables - Greens,"Credit: Kale, Scarlet",1 Bunch,19-Jun,-1.0
350,Fruits & Vegetables - Kohlrabi,"Credit: Kohlrabi, Purple",1 bunch (3 Kohlrabis),19-Nov,-1.0
351,Fruits & Vegetables - Onions and Leeks,Credit: Leeks,1/2 lb bunch,19-Oct,-1.0
352,Fruits & Vegetables - Lettuces,"Credit: Lettuce, Butter Crunch",head,19-May,-1.0
353,Fruits & Vegetables - Lettuces,"Credit: Lettuce, Green Butterhead",1 head,19-Nov,-2.0
354,Fruits & Vegetables - Lettuces,"Credit: Lettuce, Red Butterhead",1 head,19-Feb,-2.0
355,Fruits & Vegetables - Peppers,"Credit: Peppers, Bell (Green)",Each,19-Oct,-1.0
356,Fruits & Vegetables - Peppers,"Credit: Peppers, Mix - Red and Gold - Sweet Italian",Pound,19-Oct,-4.0
357,Fruits & Vegetables - Peppers,"Credit: Peppers, Shishito",1 pint,19-Aug,-4.0
358,Fruits & Vegetables - Peppers,"Credit: Peppers, Shishito",1 lb bag,19-Oct,-8.0
359,Fruits & Vegetables - Potatoes,"Credit: Potatoes, Kennebec",8 lb bag,19-Oct,-1.0
360,Fruits & Vegetables - Potatoes,"Credit: Potatoes, Yellow",Pounds,19-Jan,-1.0
361,Fruits & Vegetables - Winter Squash,"Credit: Pumpkin, Seminole",6 - 9 lbs.,19-Dec,-1.0
362,Fruits & Vegetables - Winter Squash,"Credit: Pumpkin, Seminole",3 - 5 lbs.,19-Dec,-1.0
363,Fruits & Vegetables - Quince,Credit: Quince,Pound,19-Oct,-2.0
364,Fruits & Vegetables - Radishes,Credit: Radishes,1 bunch,19-Jun,-5.0
365,Fruits & Vegetables - Radishes,"Credit: Radishes, Icicle",1 bunch,19-Feb,-1.0
366,Fruits & Vegetables - Greens,Credit: Rainbow Chard,Bunch (8 oz),19-Oct,-2.0
367,Fruits & Vegetables - Herbs,"Credit: Rosemary, Fresh",Large bunch ,19-Jan,-1.0
368,Fruits & Vegetables - Herbs,"Credit: Rosemary, Fresh",1 oz bunch,19-Apr,-1.0
369,Fruits & Vegetables - Greens,Credit: Spring Salad Mix,1/3 lb bag,19-Sep,-1.0
370,Fruits & Vegetables - Greens,Credit: Spring Salad Mix,1/3 lb bag,19-Nov,-1.0
371,Fruits & Vegetables - Summer Squash,"Credit: Summer Squash, Zucchini",Pound,19-Aug,-2.0
372,Fruits & Vegetables - Tomatoes,"Credit: Tomatoes, Mixed Heirloom Cherry Varieties",per lb.,19-Oct,-1.0
373,Fruits & Vegetables - Tomatoes,"Credit: Tomatoes, Mixed Heirloom Varieties",per lb,19-Aug,-1.0
374,Fruits & Vegetables - Tomatoes,"Credit: Tomatoes, Slicing",1 lb,19-Jul,-1.0
375,Fruits & Vegetables - Specialty,Crosnes,1 oz ,19-Dec,14.0
376,Fruits & Vegetables - Cucumbers,Cucumbers,Pound,19-Jun,94.0
377,Fruits & Vegetables - Cucumbers,Cucumbers,Pound,19-Jul,228.0
378,Fruits & Vegetables - Cucumbers,Cucumbers,Pound,19-Aug,109.0
379,Fruits & Vegetables - Cucumbers,Cucumbers,Pound,19-Sep,31.0
380,Fruits & Vegetables - Cucumbers,Cucumbers,Pound,19-Oct,3.0
381,Fruits & Vegetables - Fermented Products,Curtido,Pint,19-Aug,1.0
382,Fruits & Vegetables - Herbs,"Dill, Fresh",1 ounce bag,19-Jul,3.0
383,Fruits & Vegetables - Herbs,"Dill, Fresh",1 bunch,19-Aug,13.0
384,Fruits & Vegetables - Herbs,"Dill, Fresh",1 bunch,19-Sep,16.0
385,Fruits & Vegetables - Herbs,"Dill, Fresh",1 bunch,19-Oct,7.0
386,Fruits & Vegetables - Herbs,"Dill, Fresh",1 bunch,19-Nov,1.0
387,Fruits & Vegetables - Fermented Products,Dilly Beans,Pint,19-Sep,2.0
388,Fruits & Vegetables - Fermented Products,Dilly Beans,Pint,19-Oct,4.0
389,Fruits & Vegetables - Dried Fruits,Dried Apples,small bag (sandwich size),19-Jan,2.0
390,Fruits & Vegetables - Dried Fruits,Dried Apples,small bag (sandwich size),19-Feb,7.0
391,Fruits & Vegetables - Beans & Peas,"Dried Beans, Baby Lima",2 lb bag,18-Dec,1.0
392,Fruits & Vegetables - Beans & Peas,"Dried Beans, Baby Lima",2 lb bag,19-Jan,3.0
393,Fruits & Vegetables - Beans & Peas,"Dried Beans, Baby Lima",2 lb bag,19-Feb,1.0
394,Fruits & Vegetables - Beans & Peas,"Dried Beans, Great Northern",2 lb bag,19-Jan,4.0
395,Fruits & Vegetables - Beans & Peas,"Dried Beans, Great Northern",2 lb bag,19-Feb,1.0
396,Fruits & Vegetables - Beans & Peas,"Dried Beans, Pinto",2 lb bag,18-Dec,1.0
397,Fruits & Vegetables - Beans & Peas,"Dried Beans, Pinto",2 lb bag,19-Jan,8.0
398,Fruits & Vegetables - Beans & Peas,"Dried Beans, Pinto",2 lb bag,19-Feb,9.0
399,Fruits & Vegetables - Beans & Peas,"Dried Beans, Red Kidney",2 lb bag,18-Dec,1.0
400,Fruits & Vegetables - Beans & Peas,"Dried Beans, Red Kidney",2 lb bag,19-Jan,4.0
401,Fruits & Vegetables - Beans & Peas,"Dried Beans, Red Kidney",2 lb bag,19-Feb,2.0
402,Fruits & Vegetables - Edible Flowers,Edible Flowers - Violas,Half pint,19-Jun,8.0
403,Fruits & Vegetables - Edible Flowers,"Edible Flowers, Mixed",40 flowers,19-Jun,4.0
404,Fruits & Vegetables - Edible Flowers,"Edible Flowers, Mixed",40 flowers,19-Jul,1.0
405,Fruits & Vegetables - Edible Flowers,"Edible Flowers, Mixed",40 flowers,19-Aug,2.0
406,Fruits & Vegetables - Eggplant,Eggplant,Pound,19-Jul,17.0
407,Fruits & Vegetables - Eggplant,Eggplant,Pound,19-Aug,61.0
408,Fruits & Vegetables - Eggplant,Eggplant,Pound,19-Oct,10.0
409,Fruits & Vegetables - Greens,Farmer's Salad Mix,1/3 lb. bag,19-Jul,5.0
410,Fruits & Vegetables - Greens,Farmer's Salad Mix ,1/3 lb. bag,19-Jul,2.0
411,Fruits & Vegetables - Herbs,"Fennel, Baby",3 baby bulbs,19-Aug,3.0
412,Fruits & Vegetables - Herbs,"Fennel, Baby",3 baby bulbs,19-Sep,5.0
413,Fruits & Vegetables - Herbs,"Fennel, Bulb",1 bulb,19-Jul,16.0
414,Fruits & Vegetables - Herbs,"Fennel, Bulb",1 bulb,19-Aug,4.0
415,Fruits & Vegetables - Garlic and Ramps,"Garlic bulbs, Cured",2 oz. bulb,18-Dec,10.0
416,Fruits & Vegetables - Garlic and Ramps,"Garlic bulbs, Cured",2 oz. bulb,19-Jan,10.0
417,Fruits & Vegetables - Garlic and Ramps,"Garlic bulbs, Cured",2 oz. bulb,19-Jul,7.0
418,Fruits & Vegetables - Garlic and Ramps,"Garlic bulbs, Cured",2 oz. bulb,19-Aug,37.0
419,Fruits & Vegetables - Garlic and Ramps,"Garlic bulbs, Cured",2 oz. bulb,19-Sep,41.0
420,Fruits & Vegetables - Garlic and Ramps,"Garlic bulbs, Cured",2 oz. bulb,19-Oct,50.0
421,Fruits & Vegetables - Garlic and Ramps,"Garlic bulbs, Cured",2 oz. bulb,19-Nov,28.0
422,Fruits & Vegetables - Garlic and Ramps,"Garlic bulbs, Cured",2.5 oz bulb,19-Jul,6.0
423,Fruits & Vegetables - Garlic and Ramps,"Garlic bulbs, Cured",2.5 oz bulb,19-Aug,14.0
424,Fruits & Vegetables - Garlic and Ramps,"Garlic bulbs, Cured",2.5 oz bulb,19-Sep,23.0
425,Fruits & Vegetables - Garlic and Ramps,"Garlic bulbs, Cured",Pound,19-Jan,2.0
426,Fruits & Vegetables - Garlic and Ramps,"Garlic bulbs, Cured",1 oz.,19-Jan,36.0
427,Fruits & Vegetables - Garlic and Ramps,"Garlic bulbs, Cured",1 oz.,19-Feb,33.0
428,Fruits & Vegetables - Garlic and Ramps,"Garlic bulbs, fresh",2.5 oz. bulb,19-Jun,3.0
429,Fruits & Vegetables - Garlic and Ramps,"Garlic bulbs, fresh",2.5 oz. bulb,19-Jul,9.0
430,Fruits & Vegetables - Garlic and Ramps,"Garlic bulbs, fresh",2 oz. bulb,19-Jun,9.0
431,Fruits & Vegetables - Garlic and Ramps,"Garlic bulbs, fresh",2 oz. bulb,19-Jul,21.0
432,Fruits & Vegetables - Fermented Products,Garlic dill spears,Pint,19-Aug,2.0
433,Fruits & Vegetables - Garlic and Ramps,Garlic Scapes,8 oz.,19-May,2.0
434,Fruits & Vegetables - Garlic and Ramps,Garlic Scapes,8 oz.,19-Jun,7.0
435,Fruits & Vegetables - Garlic and Ramps,Garlic Scapes,1/4 lb bunch,19-May,3.0
436,Fruits & Vegetables - Garlic and Ramps,Garlic Scapes,1/4 lb bunch,19-Jun,23.0
437,Fruits & Vegetables - Garlic and Ramps,Garlic Scapes,1 bundle,19-Jun,9.0
438,Fruits & Vegetables - Garlic and Ramps,Garlic Scapes,1 bundle,19-Jul,3.0
439,Fruits & Vegetables - Garlic and Ramps,"Garlic Scapes, Baby",1/2 lb bag,19-Jun,4.0
440,Fruits & Vegetables - Garlic and Ramps,"Garlic Scapes, Baby",1/2 lb bag,19-Jul,5.0
441,Fruits & Vegetables - Garlic and Ramps,"Garlic sprig, Elephant - fresh",1 sprig,19-May,11.0
442,Fruits & Vegetables - Garlic and Ramps,"Garlic sprig, Elephant - fresh",1 sprig,19-Jun,13.0
443,Fruits & Vegetables - Garlic and Ramps,"Garlic, Black (Seconds)",2-5 bulbs weighing at least 4 oz. in aggregate,19-Sep,16.0
444,Fruits & Vegetables - Garlic and Ramps,"Garlic, Black (Seconds)",2-5 bulbs weighing at least 4 oz. in aggregate,19-Oct,14.0
445,Fruits & Vegetables - Garlic and Ramps,"Garlic, Green - whole plant",1 bunch,19-Apr,20.0
446,Fruits & Vegetables - Garlic and Ramps,"Garlic, Green - whole plant",1 bunch,19-May,28.0
447,Fruits & Vegetables - Garlic and Ramps,"Garlic, Green - whole plant",1 bunch,19-Jun,3.0
448,Fruits & Vegetables - Herbs,"Ginger, Fresh",1 lb bag,19-Oct,35.0
449,Fruits & Vegetables - Herbs,"Ginger, Fresh",1 lb bag,19-Nov,22.0
450,Fruits & Vegetables - Herbs,"Ginger, Fresh Baby",1 lb.,19-Oct,6.0
451,Fruits & Vegetables - Herbs,"Ginger, Fresh Baby",1 lb.,19-Nov,2.0
452,Fruits & Vegetables - Herbs,"Ginger, Fresh Baby",1 lb.,19-Dec,2.0
453,Fruits & Vegetables - Berries,Goumi,6 oz. container,19-May,4.0
454,Fruits & Vegetables - Berries,Goumi,6 oz. container,19-Jun,9.0
455,Fruits & Vegetables - Winter Squash,"Gourds, Mixed Decorative (not edible)","Mixed bag, 6 ct",19-Oct,2.0
456,Fruits & Vegetables - Winter Squash,"Gourds, Mixed Decorative (not edible)","Mixed bag, 6 ct",19-Nov,4.0
457,Fruits & Vegetables - Winter Squash,"Gourds, Mixed Decorative (not edible)",Each,19-Sep,17.0
458,Fruits & Vegetables - Beans & Peas,"Green Beans, Roma 2",Pound,19-Jun,4.0
459,Fruits & Vegetables - Beans & Peas,"Green Beans, Roma 2 ",Pound,19-Jun,1.0
460,Fruits & Vegetables - Beans & Peas,"Green Beans, Roma II",Pound,19-Jun,3.0
461,Fruits & Vegetables - Beans & Peas,"Green Beans, Roma II",Pound,19-Jul,33.0
462,Fruits & Vegetables - Beans & Peas,"Green Beans, Roma II",Pound,19-Aug,4.0
463,Fruits & Vegetables - Peppers,Green Chilies,1/4 lb bag,19-Aug,2.0
464,Fruits & Vegetables - Peppers,Green Chilies,1/4 lb bag,19-Sep,14.0
465,Fruits & Vegetables - Peppers,Green Chilies,1/4 lb bag,19-Oct,2.0
466,Fruits & Vegetables - Berries,Huckleberries,1/2 pint container,19-Jun,6.0
467,Fruits & Vegetables - Specialty,Jerusalem Artichokes,Per Pound,19-Oct,3.0
468,Fruits & Vegetables - Specialty,Jerusalem Artichokes,Per Pound,19-Nov,5.0
469,Fruits & Vegetables - Specialty,Jerusalem Artichokes,1 Pound ,19-Nov,11.0
470,Fruits & Vegetables - Specialty,Jerusalem Artichokes,1 Pound ,19-Dec,7.0
471,Fruits & Vegetables - Specialty,Jerusalem Artichokes,1 pound,19-Sep,13.0
472,Fruits & Vegetables - Specialty,Jerusalem Artichokes,1 pound,19-Oct,6.0
473,Fruits & Vegetables - Greens,"Kale, Curly",10 oz. bag,19-May,4.0
474,Fruits & Vegetables - Greens,"Kale, Curly",10 oz. bag,19-Jun,12.0
475,Fruits & Vegetables - Greens,"Kale, Curly",10 oz. bag,19-Jul,4.0
476,Fruits & Vegetables - Greens,"Kale, Curly",10 oz. bag,19-Oct,6.0
477,Fruits & Vegetables - Greens,"Kale, Curly",10 oz. bag,19-Nov,3.0
478,Fruits & Vegetables - Greens,"Kale, Curly",5 lb bag,19-Oct,4.0
479,Fruits & Vegetables - Greens,"Kale, Curly",1 bunch,19-Apr,24.0
480,Fruits & Vegetables - Greens,"Kale, Curly",1 bunch,19-May,32.0
481,Fruits & Vegetables - Greens,"Kale, Curly",1 bunch,19-Jun,34.0
482,Fruits & Vegetables - Greens,"Kale, Curly",1 bunch,19-Jul,35.0
483,Fruits & Vegetables - Greens,"Kale, Curly",1 bunch,19-Aug,21.0
484,Fruits & Vegetables - Greens,"Kale, Curly",1 bunch,19-Sep,11.0
485,Fruits & Vegetables - Greens,"Kale, Curly",1 bunch,19-Oct,13.0
486,Fruits & Vegetables - Greens,"Kale, Curly",1 bunch,19-Nov,11.0
487,Fruits & Vegetables - Greens,"Kale, Curly",1/2 pound bag,19-Jun,1.0
488,Fruits & Vegetables - Greens,"Kale, Curly",1 bag,18-Dec,11.0
489,Fruits & Vegetables - Greens,"Kale, Curly",1 bag,19-May,12.0
490,Fruits & Vegetables - Greens,"Kale, Curly",1 bag,19-Sep,11.0
491,Fruits & Vegetables - Greens,"Kale, Curly",1 bag,19-Oct,35.0
492,Fruits & Vegetables - Greens,"Kale, Curly",1 bag,19-Nov,5.0
493,Fruits & Vegetables - Greens,"Kale, Lacinato",1 Bunch,19-Jul,4.0
494,Fruits & Vegetables - Greens,"Kale, Lacinato",1 Bunch,19-Aug,9.0
495,Fruits & Vegetables - Greens,"Kale, Lacinato",1 Bunch,19-Sep,9.0
496,Fruits & Vegetables - Greens,"Kale, Lacinato",1 Bunch,19-Oct,10.0
497,Fruits & Vegetables - Greens,"Kale, Lacinato",1 bunch,19-May,35.0
498,Fruits & Vegetables - Greens,"Kale, Lacinato",1 bunch,19-Jun,17.0
499,Fruits & Vegetables - Greens,"Kale, Mixed Varieties",Bunch (8 oz),19-Jan,22.0
500,Fruits & Vegetables - Greens,"Kale, Mixed Varieties",Bunch (8 oz),19-Feb,7.0
501,Fruits & Vegetables - Greens,"Kale, Mixed Varieties",Bunch (8 oz),19-Mar,7.0
502,Fruits & Vegetables - Greens,"Kale, Mixed Varieties",Bunch (8 oz),19-Jun,2.0
503,Fruits & Vegetables - Greens,"Kale, Mixed Varieties",Bunch (8 oz),19-Jul,3.0
504,Fruits & Vegetables - Greens,"Kale, Mixed Varieties",Bunch (8 oz),19-Aug,6.0
505,Fruits & Vegetables - Greens,"Kale, Mixed Varieties",Bunch (8 oz),19-Sep,11.0
506,Fruits & Vegetables - Greens,"Kale, Mixed Varieties",Bunch (8 oz),19-Oct,6.0
507,Fruits & Vegetables - Greens,"Kale, Mixed Varieties",Bunch (8 oz),19-Nov,21.0
508,Fruits & Vegetables - Greens,"Kale, Mixed Varieties",Bunch (8 oz),19-Dec,6.0
509,Fruits & Vegetables - Greens,"Kale, Purple Curly",3/4 pound bag,19-May,4.0
510,Fruits & Vegetables - Greens,"Kale, Purple Curly",3/4 pound bag,19-Jun,8.0
511,Fruits & Vegetables - Greens,"Kale, Purple Curly",3/4 pound bag,19-Jul,8.0
512,Fruits & Vegetables - Greens,"Kale, Purple Curly",3/4 pound bag,19-Nov,3.0
513,Fruits & Vegetables - Greens,"Kale, Purple Curly",1 bag,19-May,10.0
514,Fruits & Vegetables - Greens,"Kale, Purple Curly",1 bag,19-Oct,13.0
515,Fruits & Vegetables - Greens,"Kale, Purple Curly",1 bag,19-Nov,5.0
516,Fruits & Vegetables - Greens,"Kale, Scarlet",1 Bunch,19-May,17.0
517,Fruits & Vegetables - Greens,"Kale, Scarlet",1 Bunch,19-Jun,4.0
518,Fruits & Vegetables - Greens,"Kale, Scarlet",1 Bunch,19-Jul,3.0
519,Fruits & Vegetables - Greens,"Kale, Siberian",1/2 pound bag,19-Jun,3.0
520,Fruits & Vegetables - Fermented Products,Kimchi,Pint,19-Aug,12.0
521,Fruits & Vegetables - Fermented Products,Kimchi,Pint,19-Sep,3.0
522,Fruits & Vegetables - Fermented Products,Kimchi,Pint,19-Oct,4.0
523,Fruits & Vegetables - Fermented Products,Kimchi,Pint,19-Nov,4.0
524,Fruits & Vegetables - Fermented Products,Kimchi,Pint,19-Dec,7.0
525,Fruits & Vegetables - Fermented Products,Kimchi Shot,Pint,19-Aug,3.0
526,Fruits & Vegetables - Fermented Products,Kimchi Shot,Pint,19-Sep,1.0
527,Fruits & Vegetables - Fermented Products,Kimchi Shot,Pint,19-Nov,7.0
528,Fruits & Vegetables - Fermented Products,Kimchi Shot,Pint,19-Dec,6.0
529,Fruits & Vegetables - Kohlrabi,"Kohlrabi, Purple",1 bunch (3 Kohlrabis),19-May,10.0
530,Fruits & Vegetables - Kohlrabi,"Kohlrabi, Purple",1 bunch (3 Kohlrabis),19-Jun,9.0
531,Fruits & Vegetables - Kohlrabi,"Kohlrabi, Purple",1 bunch (3 Kohlrabis),19-Oct,10.0
532,Fruits & Vegetables - Kohlrabi,"Kohlrabi, Purple",1 bunch (3 Kohlrabis),19-Nov,15.0
533,Fruits & Vegetables - Onions and Leeks,Leeks,3-5 oz,19-Feb,10.0
534,Fruits & Vegetables - Onions and Leeks,Leeks,3-5 oz,19-Mar,20.0
535,Fruits & Vegetables - Onions and Leeks,Leeks,3-5 oz,19-Apr,16.0
536,Fruits & Vegetables - Onions and Leeks,Leeks,3-5 oz,19-May,7.0
537,Fruits & Vegetables - Onions and Leeks,Leeks,1/2 lb bunch,19-Aug,18.0
538,Fruits & Vegetables - Onions and Leeks,Leeks,1/2 lb bunch,19-Sep,24.0
539,Fruits & Vegetables - Onions and Leeks,Leeks,1/2 lb bunch,19-Oct,37.0
540,Fruits & Vegetables - Lettuces,"Lettuce, Bibb",1 head,19-Jul,1.0
541,Fruits & Vegetables - Lettuces,"Lettuce, Butter Crunch",head,19-Apr,23.0
542,Fruits & Vegetables - Lettuces,"Lettuce, Butter Crunch",head,19-May,1.0
543,Fruits & Vegetables - Lettuces,"Lettuce, Cut",1/3 lb. bag,19-Apr,9.0
544,Fruits & Vegetables - Lettuces,"Lettuce, Cut",1/3 lb. bag,19-May,2.0
545,Fruits & Vegetables - Lettuces,"Lettuce, Cut",1/3 lb. bag,19-Aug,10.0
546,Fruits & Vegetables - Lettuces,"Lettuce, Green Butterhead",1 head,18-Dec,2.0
547,Fruits & Vegetables - Lettuces,"Lettuce, Green Butterhead",1 head,19-Mar,15.0
548,Fruits & Vegetables - Lettuces,"Lettuce, Green Butterhead",1 head,19-Apr,9.0
549,Fruits & Vegetables - Lettuces,"Lettuce, Green Butterhead",1 head,19-May,20.0
550,Fruits & Vegetables - Lettuces,"Lettuce, Green Butterhead",1 head,19-Jun,22.0
551,Fruits & Vegetables - Lettuces,"Lettuce, Green Butterhead",1 head,19-Jul,11.0
552,Fruits & Vegetables - Lettuces,"Lettuce, Green Butterhead",1 head,19-Sep,11.0
553,Fruits & Vegetables - Lettuces,"Lettuce, Green Butterhead",1 head,19-Oct,11.0
554,Fruits & Vegetables - Lettuces,"Lettuce, Green Butterhead",1 head,19-Nov,35.0
555,Fruits & Vegetables - Lettuces,"Lettuce, Green Butterhead",1 head,19-Dec,16.0
556,Fruits & Vegetables - Lettuces,"Lettuce, Green Leaf",1 head,19-May,7.0
557,Fruits & Vegetables - Lettuces,"Lettuce, Green Leaf",1 head,19-Jun,13.0
558,Fruits & Vegetables - Lettuces,"Lettuce, Green Leaf",1 head,19-Jul,2.0
559,Fruits & Vegetables - Lettuces,"Lettuce, Green Romaine",1 head,19-May,24.0
560,Fruits & Vegetables - Lettuces,"Lettuce, Green Romaine",1 head,19-Jun,19.0
561,Fruits & Vegetables - Lettuces,"Lettuce, Green Romaine",1 head,19-Jul,1.0
562,Fruits & Vegetables - Lettuces,"Lettuce, Green Romaine",1 head,19-Aug,15.0
563,Fruits & Vegetables - Lettuces,"Lettuce, Green Romaine",1 head,19-Sep,16.0
564,Fruits & Vegetables - Lettuces,"Lettuce, Green Romaine",1 head,19-Oct,25.0
565,Fruits & Vegetables - Lettuces,"Lettuce, Green Romaine",1 head,19-Nov,37.0
566,Fruits & Vegetables - Lettuces,"Lettuce, Green Romaine",1 head,19-Dec,42.0
567,Fruits & Vegetables - Lettuces,"Lettuce, Head",Head,19-Jan,1.0
568,Fruits & Vegetables - Lettuces,"Lettuce, Head",Head,19-Aug,21.0
569,Fruits & Vegetables - Lettuces,"Lettuce, Head",Head,19-Sep,7.0
570,Fruits & Vegetables - Lettuces,"Lettuce, Head",Head,19-Oct,1.0
571,Fruits & Vegetables - Lettuces,"Lettuce, Head",Head,19-Nov,6.0
572,Fruits & Vegetables - Lettuces,"Lettuce, Head",Head,19-Dec,2.0
573,Fruits & Vegetables - Lettuces,"Lettuce, Head",Case,19-Mar,1.0
574,Fruits & Vegetables - Lettuces,"Lettuce, Head",1 head,19-Aug,16.0
575,Fruits & Vegetables - Lettuces,"Lettuce, Head",1 head,19-Sep,12.0
576,Fruits & Vegetables - Lettuces,"Lettuce, Hydroponic",Head,19-Jan,10.0
577,Fruits & Vegetables - Lettuces,"Lettuce, Hydroponic",Head,19-Feb,14.0
578,Fruits & Vegetables - Lettuces,"Lettuce, Hydroponic",Head,19-Mar,36.0
579,Fruits & Vegetables - Lettuces,"Lettuce, Hydroponic",Head,19-Apr,32.0
580,Fruits & Vegetables - Lettuces,"Lettuce, Hydroponic",Head,19-May,3.0
581,Fruits & Vegetables - Lettuces,"Lettuce, Hydroponic",Head,19-Aug,20.0
582,Fruits & Vegetables - Lettuces,"Lettuce, Hydroponic",Head,19-Sep,6.0
583,Fruits & Vegetables - Lettuces,"Lettuce, Hydroponic",Head,19-Oct,1.0
584,Fruits & Vegetables - Lettuces,"Lettuce, Hydroponic",Head,19-Nov,8.0
585,Fruits & Vegetables - Lettuces,"Lettuce, Hydroponic",Head,19-Dec,3.0
586,Fruits & Vegetables - Lettuces,"Lettuce, Loose Leaf Green",1/3 lb. bag,19-Jul,2.0
587,Fruits & Vegetables - Lettuces,"Lettuce, Loose Leaf Green",1/2 pound bag,19-May,9.0
588,Fruits & Vegetables - Lettuces,"Lettuce, Loose Leaf Green",1/2 pound bag,19-Jun,3.0
589,Fruits & Vegetables - Lettuces,"Lettuce, Loose Leaf Green",1/2 lb bag,19-Jun,3.0
590,Fruits & Vegetables - Lettuces,"Lettuce, Loose Leaf Green",1/2 lb bag,19-Jul,5.0
591,Fruits & Vegetables - Lettuces,"Lettuce, Loose Leaf Green",1/2 lb bag,19-Oct,19.0
592,Fruits & Vegetables - Lettuces,"Lettuce, Loose Leaf Spicy Mix",1 bag,19-Jun,2.0
593,Fruits & Vegetables - Lettuces,"Lettuce, Red Butterhead",1 head,18-Dec,10.0
594,Fruits & Vegetables - Lettuces,"Lettuce, Red Butterhead",1 head,19-Jan,14.0
595,Fruits & Vegetables - Lettuces,"Lettuce, Red Butterhead",1 head,19-Feb,8.0
596,Fruits & Vegetables - Lettuces,"Lettuce, Red Butterhead",1 head,19-Mar,19.0
597,Fruits & Vegetables - Lettuces,"Lettuce, Red Butterhead",1 head,19-Apr,59.0
598,Fruits & Vegetables - Lettuces,"Lettuce, Red Butterhead",1 head,19-May,30.0
599,Fruits & Vegetables - Lettuces,"Lettuce, Red Butterhead",1 head,19-Jun,41.0
600,Fruits & Vegetables - Lettuces,"Lettuce, Red Butterhead",1 head,19-Jul,16.0
601,Fruits & Vegetables - Lettuces,"Lettuce, Red Butterhead",1 head,19-Sep,21.0
602,Fruits & Vegetables - Lettuces,"Lettuce, Red Butterhead",1 head,19-Oct,43.0
603,Fruits & Vegetables - Lettuces,"Lettuce, Red Butterhead",1 head,19-Nov,54.0
604,Fruits & Vegetables - Lettuces,"Lettuce, Red Butterhead",1 head,19-Dec,49.0
605,Fruits & Vegetables - Lettuces,"Lettuce, Red Leaf",1 head,19-Jul,6.0
606,Fruits & Vegetables - Lettuces,"Lettuce, Red Leaf",1 head,19-Aug,3.0
607,Fruits & Vegetables - Lettuces,"Lettuce, Red Leaf",1 head,19-Sep,3.0
608,Fruits & Vegetables - Lettuces,"Lettuce, Red Oak Leaf",1 head,19-Apr,3.0
609,Fruits & Vegetables - Lettuces,"Lettuce, Red Oak Leaf",1 head,19-May,3.0
610,Fruits & Vegetables - Lettuces,"Lettuce, Red Romaine",1 head,19-May,3.0
611,Fruits & Vegetables - Lettuces,"Lettuce, Red Romaine",1 head,19-Jun,3.0
612,Fruits & Vegetables - Greens,Mache,4 oz bag,19-Apr,8.0
613,Fruits & Vegetables - Greens,"Microgreens, Arugula",2 oz,18-Dec,1.0
614,Fruits & Vegetables - Greens,"Microgreens, Arugula",2 oz,19-Jan,8.0
615,Fruits & Vegetables - Greens,"Microgreens, Arugula",2 oz,19-Feb,6.0
616,Fruits & Vegetables - Greens,"Microgreens, Arugula",2 oz,19-Mar,21.0
617,Fruits & Vegetables - Greens,"Microgreens, Arugula",2 oz,19-Apr,5.0
618,Fruits & Vegetables - Greens,"Microgreens, Arugula",2 oz,19-Jun,13.0
619,Fruits & Vegetables - Greens,"Microgreens, Arugula",2 oz,19-Jul,7.0
620,Fruits & Vegetables - Greens,"Microgreens, Arugula",2 oz,19-Aug,2.0
621,Fruits & Vegetables - Greens,"Microgreens, Arugula",2 oz,19-Sep,8.0
622,Fruits & Vegetables - Greens,"Microgreens, Arugula",2 oz,19-Oct,3.0
623,Fruits & Vegetables - Greens,"Microgreens, Arugula",2 oz,19-Nov,17.0
624,Fruits & Vegetables - Greens,"Microgreens, Arugula",2 oz,19-Dec,3.0
625,Fruits & Vegetables - Greens,"Microgreens, Arugula",1 oz,19-Aug,1.0
626,Fruits & Vegetables - Greens,"Microgreens, Asian Mix",4 oz container,19-Feb,1.0
627,Fruits & Vegetables - Greens,"Microgreens, Asian Mix",2 oz container,19-Jan,4.0
628,Fruits & Vegetables - Greens,"Microgreens, Asian Mix",2 oz container,19-Feb,2.0
629,Fruits & Vegetables - Greens,"Microgreens, Asian Mix",2 oz container,19-Mar,13.0
630,Fruits & Vegetables - Greens,"Microgreens, Asian Mix",2 oz container,19-Apr,10.0
631,Fruits & Vegetables - Greens,"Microgreens, Broccoli",1 oz,18-Dec,2.0
632,Fruits & Vegetables - Greens,"Microgreens, Broccoli",1 oz,19-Feb,13.0
633,Fruits & Vegetables - Greens,"Microgreens, Broccoli",1 oz,19-Mar,24.0
634,Fruits & Vegetables - Greens,"Microgreens, Broccoli",1 oz,19-Apr,15.0
635,Fruits & Vegetables - Greens,"Microgreens, Broccoli",1 oz,19-May,8.0
636,Fruits & Vegetables - Greens,"Microgreens, Broccoli",1 oz,19-Sep,2.0
637,Fruits & Vegetables - Greens,"Microgreens, Broccoli",1 oz,19-Oct,6.0
638,Fruits & Vegetables - Greens,"Microgreens, Broccoli",1 oz,19-Nov,21.0
639,Fruits & Vegetables - Greens,"Microgreens, Broccoli",1 oz,19-Dec,12.0
640,Fruits & Vegetables - Greens,"Microgreens, Cilantro",1 oz ,18-Dec,1.0
641,Fruits & Vegetables - Greens,"Microgreens, Cilantro",1 oz ,19-Jan,5.0
642,Fruits & Vegetables - Greens,"Microgreens, Cilantro",1 oz ,19-Mar,4.0
643,Fruits & Vegetables - Greens,"Microgreens, Cilantro",1 oz ,19-Apr,2.0
644,Fruits & Vegetables - Greens,"Microgreens, Cilantro",1 oz ,19-Jun,3.0
645,Fruits & Vegetables - Greens,"Microgreens, Cilantro",1 oz ,19-Jul,1.0
646,Fruits & Vegetables - Greens,"Microgreens, Citrus Basil",1 oz container,19-May,1.0
647,Fruits & Vegetables - Greens,"Microgreens, Citrus Basil",1 oz container,19-Jun,9.0
648,Fruits & Vegetables - Greens,"Microgreens, Citrus Basil",1 oz container,19-Jul,1.0
649,Fruits & Vegetables - Greens,"Microgreens, Dill and Red",2 oz Container,19-Jul,1.0
650,Fruits & Vegetables - Greens,"Microgreens, Farmer's Special",4 oz container ,19-Feb,1.0
651,Fruits & Vegetables - Greens,"Microgreens, Farmer's Special",4 oz container ,19-Mar,1.0
652,Fruits & Vegetables - Greens,"Microgreens, Kale",2 oz.,19-Mar,3.0
653,Fruits & Vegetables - Greens,"Microgreens, Kale",1 oz.,19-Mar,16.0
654,Fruits & Vegetables - Greens,"Microgreens, Kale",1 oz.,19-Apr,23.0
655,Fruits & Vegetables - Greens,"Microgreens, Kale",1 oz.,19-May,1.0
656,Fruits & Vegetables - Greens,"Microgreens, Madras Mix",2 oz,19-Apr,2.0
657,Fruits & Vegetables - Greens,"Microgreens, Market Special",4/24 50% off greens all sizes and varieties,19-Apr,14.0
658,Fruits & Vegetables - Greens,"Microgreens, Mediterranean",4 oz container ,19-Feb,1.0
659,Fruits & Vegetables - Greens,"Microgreens, Mediterranean",2 oz container,19-Jul,10.0
660,Fruits & Vegetables - Greens,"Microgreens, Mediterranean",2 oz container,19-Aug,3.0
661,Fruits & Vegetables - Greens,"Microgreens, Mediterranean",2 oz container,19-Sep,1.0
662,Fruits & Vegetables - Greens,"Microgreens, Mizuna",2 oz ,19-Feb,1.0
663,Fruits & Vegetables - Greens,"Microgreens, Pea Tendrils",4 oz,19-Feb,1.0
664,Fruits & Vegetables - Greens,"Microgreens, Pea Tendrils",2 oz,19-Jan,4.0
665,Fruits & Vegetables - Greens,"Microgreens, Pea Tendrils",2 oz,19-Feb,5.0
666,Fruits & Vegetables - Greens,"Microgreens, Pea Tendrils",2 oz,19-Apr,2.0
667,Fruits & Vegetables - Greens,"Microgreens, Pico de Gallo",2 oz,19-Mar,6.0
668,Fruits & Vegetables - Greens,"Microgreens, Pico de Gallo",1 oz,19-May,2.0
669,Fruits & Vegetables - Greens,"Microgreens, Pico de Gallo",1 oz,19-Jul,2.0
670,Fruits & Vegetables - Greens,"Microgreens, Pico de Gallo",1 oz,19-Sep,2.0
671,Fruits & Vegetables - Greens,"Microgreens, Pico de Gallo",1 oz,19-Nov,4.0
672,Fruits & Vegetables - Greens,"Microgreens, Purple Haze Mix",2 oz container,19-Mar,2.0
673,Fruits & Vegetables - Greens,"Microgreens, Sicilian",1 oz container,19-Jul,1.0
674,Fruits & Vegetables - Greens,"Microgreens, Spicy Mustard",4 oz container ,19-Feb,1.0
675,Fruits & Vegetables - Greens,"Microgreens, Sunflower",2 oz,19-Jan,3.0
676,Fruits & Vegetables - Greens,"Microgreens, Sunflower",2 oz,19-Feb,11.0
677,Fruits & Vegetables - Greens,"Microgreens, Sunflower",2 oz,19-Mar,7.0
678,Fruits & Vegetables - Greens,"Microgreens, Sunflower",2 oz,19-Apr,2.0
679,Fruits & Vegetables - Greens,"Microgreens, Sunflower",2 oz,19-May,1.0
680,Fruits & Vegetables - Greens,"Microgreens, Sunflower",2 oz,19-Jun,3.0
681,Fruits & Vegetables - Greens,"Microgreens, Sunshine Mix",2 oz container,18-Dec,3.0
682,Fruits & Vegetables - Greens,"Microgreens, Sunshine Mix",2 oz container,19-Jan,26.0
683,Fruits & Vegetables - Greens,"Microgreens, Sunshine Mix",2 oz container,19-Feb,33.0
684,Fruits & Vegetables - Greens,"Microgreens, Sunshine Mix",2 oz container,19-Mar,44.0
685,Fruits & Vegetables - Greens,"Microgreens, Sunshine Mix",2 oz container,19-Apr,45.0
686,Fruits & Vegetables - Greens,"Microgreens, Sunshine Mix",2 oz container,19-May,29.0
687,Fruits & Vegetables - Greens,"Microgreens, Sunshine Mix",2 oz container,19-Jun,26.0
688,Fruits & Vegetables - Greens,"Microgreens, Sunshine Mix",2 oz container,19-Jul,23.0
689,Fruits & Vegetables - Greens,"Microgreens, Sunshine Mix",2 oz container,19-Aug,26.0
690,Fruits & Vegetables - Greens,"Microgreens, Sunshine Mix",2 oz container,19-Sep,17.0
691,Fruits & Vegetables - Greens,"Microgreens, Sunshine Mix",2 oz container,19-Oct,25.0
692,Fruits & Vegetables - Greens,"Microgreens, Sunshine Mix",2 oz container,19-Nov,29.0
693,Fruits & Vegetables - Greens,"Microgreens, Sunshine Mix",2 oz container,19-Dec,27.0
694,Fruits & Vegetables - Greens,"Microgreens, Sunshine Mix",1 oz container,19-Nov,1.0
695,Fruits & Vegetables - Greens,"Microgreens, Sunshine Mix",1 lb container,19-Oct,1.0
696,Fruits & Vegetables - Greens,"Microgreens, Water Cress",1 oz,19-Aug,5.0
697,Fruits & Vegetables - Greens,"Microgreens, Water Cress",1 oz,19-Sep,3.0
698,Fruits & Vegetables - Greens,"Microgreens, Water Cress",1 oz,19-Oct,2.0
699,Fruits & Vegetables - Greens,"Microgreens, Water Cress",1 oz,19-Dec,1.0
700,Fruits & Vegetables - Greens,"Microgreens, Watercress",2 oz container,19-Aug,1.0
701,Fruits & Vegetables - Greens,Mustard Greens,1 bunch,19-Nov,13.0
702,Fruits & Vegetables - Greens,Mustard Greens,1 bunch,19-Dec,2.0
703,Fruits & Vegetables - Fermented Products,Nettle Kraut,Pint,19-Oct,1.0
704,Fruits & Vegetables - Fermented Products,Nettle Kraut,Pint,19-Nov,5.0
705,Fruits & Vegetables - Okra,"Okra, Clemson Spineless",1 pound,19-Oct,3.0
706,Fruits & Vegetables - Okra,"Okra, Crimson",Pound,19-Aug,5.0
707,Fruits & Vegetables - Okra,"Okra, Crimson",Pound,19-Sep,7.0
708,Fruits & Vegetables - Okra,"Okra, Green",Pound,19-Jul,5.0
709,Fruits & Vegetables - Okra,"Okra, Green",Pound,19-Aug,49.0
710,Fruits & Vegetables - Okra,"Okra, Green",Pound,19-Sep,42.0
711,Fruits & Vegetables - Okra,"Okra, Green",Pound,19-Oct,10.0
712,Fruits & Vegetables - Okra,"Okra, Green",1 pound,19-Aug,5.0
713,Fruits & Vegetables - Okra,"Okra, Green",1 pound,19-Sep,5.0
714,Fruits & Vegetables - Okra,"Okra, Green",1 pint,19-Jul,17.0
715,Fruits & Vegetables - Okra,"Okra, Green",1 pint,19-Aug,5.0
716,Fruits & Vegetables - Okra,"Okra, Mixed Varieties",Pound,19-Aug,7.0
717,Fruits & Vegetables - Okra,"Okra, Mixed Varieties",Pint,19-Aug,23.0
718,Fruits & Vegetables - Okra,"Okra, Mixed Varieties",Pint,19-Sep,50.0
719,Fruits & Vegetables - Onions and Leeks,Onions,Pound,19-Aug,44.0
720,Fruits & Vegetables - Onions and Leeks,"Onions, Green",1 Bunch,19-Feb,1.0
721,Fruits & Vegetables - Onions and Leeks,"Onions, Green",1 Bunch,19-Mar,60.0
722,Fruits & Vegetables - Onions and Leeks,"Onions, Green",1 Bunch,19-Apr,59.0
723,Fruits & Vegetables - Onions and Leeks,"Onions, Green",1 Bunch,19-May,32.0
724,Fruits & Vegetables - Onions and Leeks,"Onions, Green",1 Bunch,19-Jun,47.0
725,Fruits & Vegetables - Onions and Leeks,"Onions, Green",1 Bunch,19-Jul,15.0
726,Fruits & Vegetables - Onions and Leeks,"Onions, Green",1 bunch - 1/2 lb,19-Mar,19.0
727,Fruits & Vegetables - Onions and Leeks,"Onions, Green",1 bunch - 1/2 lb,19-May,3.0
728,Fruits & Vegetables - Onions and Leeks,"Onions, Green",1 bunch - 1/2 lb,19-Jun,38.0
729,Fruits & Vegetables - Onions and Leeks,"Onions, Green",1 bunch - 1/2 lb,19-Jul,34.0
730,Fruits & Vegetables - Onions and Leeks,"Onions, Green",1 lb bunch,19-Mar,5.0
731,Fruits & Vegetables - Onions and Leeks,"Onions, Green",Green Onions,19-Apr,15.0
732,Fruits & Vegetables - Onions and Leeks,"Onions, Green",Green Onions,19-May,15.0
733,Fruits & Vegetables - Onions and Leeks,"Onions, Green",Green Onions,19-Jun,71.0
734,Fruits & Vegetables - Onions and Leeks,"Onions, Green",Green Onions,19-Jul,116.0
735,Fruits & Vegetables - Onions and Leeks,"Onions, Green",1 bunch,19-Jan,1.0
736,Fruits & Vegetables - Onions and Leeks,"Onions, Green",1 bunch,19-Feb,3.0
737,Fruits & Vegetables - Onions and Leeks,"Onions, Green",1 bunch,19-May,3.0
738,Fruits & Vegetables - Onions and Leeks,"Onions, Green",1 bunch,19-Jun,13.0
739,Fruits & Vegetables - Onions and Leeks,"Onions, Green",1 bunch,19-Jul,4.0
740,Fruits & Vegetables - Onions and Leeks,"Onions, Mixed yellow and white",per pound,19-Aug,9.0
741,Fruits & Vegetables - Onions and Leeks,"Onions, Mixed yellow and white",per pound,19-Sep,2.0
742,Fruits & Vegetables - Onions and Leeks,"Onions, Mixed yellow and white",per pound,19-Oct,1.0
743,Fruits & Vegetables - Herbs,"Oregano, Fresh",1 oz bunch,19-Jun,2.0
744,Fruits & Vegetables - Herbs,"Oregano, Fresh",1 oz bunch,19-Jul,1.0
745,Fruits & Vegetables - Herbs,"Oregano, Fresh",1 oz bunch,19-Aug,5.0
746,Fruits & Vegetables - Herbs,"Oregano, Fresh",1 oz bunch,19-Sep,2.0
747,Fruits & Vegetables - Herbs,"Oregano, Fresh",1 oz bunch,19-Oct,1.0
748,Fruits & Vegetables - Herbs,"Parsley, Fresh",1 ounce bag,19-Aug,2.0
749,Fruits & Vegetables - Herbs,"Parsley, Fresh",1 ounce bag,19-Sep,2.0
750,Fruits & Vegetables - Herbs,"Parsley, Fresh",1 bunch,19-Jan,5.0
751,Fruits & Vegetables - Herbs,"Parsley, Fresh",1 bunch,19-Feb,5.0
752,Fruits & Vegetables - Herbs,"Parsley, Fresh",1 bunch,19-Mar,7.0
753,Fruits & Vegetables - Herbs,"Parsley, Fresh",1 bunch,19-Apr,6.0
754,Fruits & Vegetables - Herbs,"Parsley, Fresh",1 bunch,19-May,4.0
755,Fruits & Vegetables - Herbs,"Parsley, Fresh",1 bunch,19-Aug,1.0
756,Fruits & Vegetables - Herbs,"Parsley, Fresh",1 bunch,19-Sep,9.0
757,Fruits & Vegetables - Herbs,"Parsley, Fresh",1 bunch,19-Oct,5.0
758,Fruits & Vegetables - Herbs,"Parsley, Fresh",1 bunch,19-Nov,15.0
759,Fruits & Vegetables - Herbs,"Parsley, Fresh",1 bunch,19-Dec,7.0
760,Fruits & Vegetables - Herbs,"Parsley, Fresh Flat Leaf",1 bunch,19-Jun,5.0
761,Fruits & Vegetables - Herbs,"Parsley, Fresh Flat Leaf",1 bunch,19-Jul,9.0
762,Fruits & Vegetables - Herbs,"Parsley, Fresh Flat Leaf",1 bunch,19-Aug,5.0
763,Fruits & Vegetables - Herbs,"Parsley, Fresh Flat Leaf",1 bunch,19-Oct,2.0
764,Fruits & Vegetables - Peaches,"Peaches, Indian",1 quart,19-Aug,8.0
765,Fruits & Vegetables - Peaches,"Peaches, Indian ",1 quart,19-Aug,2.0
766,Fruits & Vegetables - Peaches,"Peaches, Yellow",1/4 peck,19-Aug,5.0
767,Fruits & Vegetables - Pears,"Pears, Asian",pound,19-Oct,6.0
768,Fruits & Vegetables - Beans & Peas,"Peas, Sugar Snap",1/2 lb. bag,19-Jun,10.0
769,Fruits & Vegetables - Beans & Peas,"Peas, Sugar Snap",1 lb,19-Jun,10.0
770,Fruits & Vegetables - Peppers,"Pepper, Purple Bell",1/2 pound,19-Jul,15.0
771,Fruits & Vegetables - Peppers,"Pepper, Purple Bell",1/2 pound,19-Aug,9.0
772,Fruits & Vegetables - Peppers,"Pepper, Purple Bell ",1/2 pound,19-Jul,3.0
773,Fruits & Vegetables - Peppers,"Pepper, Purple Bell ",1/2 pound,19-Aug,3.0
774,Fruits & Vegetables - Peppers,"Peppers, Anaheim",1/2 pound (4 - 5 peppers),19-Jul,14.0
775,Fruits & Vegetables - Peppers,"Peppers, Anaheim",1/2 pound (4 - 5 peppers),19-Aug,18.0
776,Fruits & Vegetables - Peppers,"Peppers, Anaheim",1/2 pound (4 - 5 peppers),19-Sep,18.0
777,Fruits & Vegetables - Peppers,"Peppers, Bananas",1/2 pound (5-6 peppers),19-Jul,12.0
778,Fruits & Vegetables - Peppers,"Peppers, Bananas",1/2 pound (5-6 peppers),19-Aug,13.0
779,Fruits & Vegetables - Peppers,"Peppers, Bananas",1/2 pound (5-6 peppers),19-Sep,8.0
780,Fruits & Vegetables - Peppers,"Peppers, Bananas",1/2 pound (5-6 peppers),19-Oct,3.0
781,Fruits & Vegetables - Peppers,"Peppers, Bananas",1/2 pound ,19-Oct,6.0
782,Fruits & Vegetables - Peppers,"Peppers, Bell (Green)",Each,19-Sep,21.0
783,Fruits & Vegetables - Peppers,"Peppers, Bell (Green)",Each,19-Oct,87.0
784,Fruits & Vegetables - Peppers,"Peppers, Bell (Green)",Pound,19-Oct,8.0
785,Fruits & Vegetables - Peppers,"Peppers, Bell (Green)",Pound,19-Nov,12.0
786,Fruits & Vegetables - Peppers,"Peppers, Bell (Green)",1 pepper,19-Oct,7.0
787,Fruits & Vegetables - Peppers,"Peppers, Glow",Pound,19-Aug,4.0
788,Fruits & Vegetables - Peppers,"Peppers, Green and Red Serrano",1 lb,19-Oct,8.0
789,Fruits & Vegetables - Peppers,"Peppers, Jalapeno",8 Peppers,19-Aug,19.0
790,Fruits & Vegetables - Peppers,"Peppers, Jalapeno",8 Peppers,19-Sep,22.0
791,Fruits & Vegetables - Peppers,"Peppers, Jalapeno",Small Bag,19-Sep,1.0
792,Fruits & Vegetables - Peppers,"Peppers, Jalapeno",Small Bag,19-Oct,4.0
793,Fruits & Vegetables - Peppers,"Peppers, Jalapeno",1 pint,19-Sep,11.0
794,Fruits & Vegetables - Peppers,"Peppers, Jalapeno",1 pint,19-Oct,10.0
795,Fruits & Vegetables - Peppers,"Peppers, Mix - Red and Gold - Sweet",Pound,19-Oct,12.0
796,Fruits & Vegetables - Peppers,"Peppers, Mix - Red and Gold - Sweet Italian",Pound,19-Jul,55.0
797,Fruits & Vegetables - Peppers,"Peppers, Mix - Red and Gold - Sweet Italian",Pound,19-Aug,126.0
798,Fruits & Vegetables - Peppers,"Peppers, Mix - Red and Gold - Sweet Italian",Pound,19-Sep,107.0
799,Fruits & Vegetables - Peppers,"Peppers, Mix - Red and Gold - Sweet Italian",Pound,19-Oct,31.0
800,Fruits & Vegetables - Peppers,"Peppers, Poblano",1 pound (5 - 6 peppers),19-Jul,4.0
801,Fruits & Vegetables - Peppers,"Peppers, Poblano",1 pound (5 - 6 peppers),19-Aug,28.0
802,Fruits & Vegetables - Peppers,"Peppers, Poblano",1 pound (5 - 6 peppers),19-Sep,14.0
803,Fruits & Vegetables - Peppers,"Peppers, Poblano ",1 pound (5 - 6 peppers),19-Jul,6.0
804,Fruits & Vegetables - Peppers,"Peppers, Poblano ",1 pound (5 - 6 peppers),19-Aug,11.0
805,Fruits & Vegetables - Peppers,"Peppers, Poblano ",1 pound (5 - 6 peppers),19-Sep,1.0
806,Fruits & Vegetables - Peppers,"Peppers, Red Bell",Each,19-Sep,10.0
807,Fruits & Vegetables - Peppers,"Peppers, Red Bell",Each,19-Oct,5.0
808,Fruits & Vegetables - Peppers,"Peppers, Red Bell",1 lb,19-Aug,28.0
809,Fruits & Vegetables - Peppers,"Peppers, Shishito",1 pint,19-Jul,11.0
810,Fruits & Vegetables - Peppers,"Peppers, Shishito",1 pint,19-Aug,12.0
811,Fruits & Vegetables - Peppers,"Peppers, Shishito",1 lb bag,19-Sep,34.0
812,Fruits & Vegetables - Peppers,"Peppers, Shishito",1 lb bag,19-Oct,15.0
813,Fruits & Vegetables - Fermented Products,"Pickles, Bread and Butter",Pint,19-Aug,3.0
814,Fruits & Vegetables - Fermented Products,"Pickles, Bread and Butter",Pint,19-Sep,3.0
815,Fruits & Vegetables - Fermented Products,"Pickles, Dill Carrots",Pint,19-Aug,1.0
816,Fruits & Vegetables - Fermented Products,"Pickles, Dill Carrots",Pint,19-Sep,4.0
817,Fruits & Vegetables - Fermented Products,"Pickles, Dill Carrots",Pint,19-Oct,1.0
818,Fruits & Vegetables - Fermented Products,"Pickles, Dill Carrots",Pint,19-Nov,5.0
819,Fruits & Vegetables - Potatoes,"Potatoes, Kennebec",25 lb Bag,19-Nov,3.0
820,Fruits & Vegetables - Potatoes,"Potatoes, Kennebec",25 lb Bag,19-Dec,4.0
821,Fruits & Vegetables - Potatoes,"Potatoes, Kennebec",50 lb bag,19-Oct,3.0
822,Fruits & Vegetables - Potatoes,"Potatoes, Kennebec",8 lb bag,18-Dec,1.0
823,Fruits & Vegetables - Potatoes,"Potatoes, Kennebec",8 lb bag,19-Jan,50.0
824,Fruits & Vegetables - Potatoes,"Potatoes, Kennebec",8 lb bag,19-Feb,41.0
825,Fruits & Vegetables - Potatoes,"Potatoes, Kennebec",8 lb bag,19-Oct,7.0
826,Fruits & Vegetables - Potatoes,"Potatoes, Kennebec",8 lb bag,19-Nov,39.0
827,Fruits & Vegetables - Potatoes,"Potatoes, Kennebec",8 lb bag,19-Dec,9.0
828,Fruits & Vegetables - Potatoes,"Potatoes, Kennebec",Pound,18-Dec,5.0
829,Fruits & Vegetables - Potatoes,"Potatoes, Kennebec",Pound,19-Jan,25.0
830,Fruits & Vegetables - Potatoes,"Potatoes, Kennebec",Pound,19-Feb,9.0
831,Fruits & Vegetables - Potatoes,"Potatoes, Kennebec",Pound,19-Mar,167.0
832,Fruits & Vegetables - Potatoes,"Potatoes, Kennebec",Pound,19-Apr,71.0
833,Fruits & Vegetables - Potatoes,"Potatoes, Kennebec",Pound,19-Jul,17.0
834,Fruits & Vegetables - Potatoes,"Potatoes, Kennebec",Pound,19-Aug,39.0
835,Fruits & Vegetables - Potatoes,"Potatoes, Kennebec",Pound,19-Sep,28.0
836,Fruits & Vegetables - Potatoes,"Potatoes, Kennebec",Pound,19-Oct,15.0
837,Fruits & Vegetables - Potatoes,"Potatoes, Kennebec",Pound,19-Nov,21.0
838,Fruits & Vegetables - Potatoes,"Potatoes, Kennebec",Pound,19-Dec,10.0
839,Fruits & Vegetables - Potatoes,"Potatoes, Kennebec",three pounds,19-Nov,5.0
840,Fruits & Vegetables - Potatoes,"Potatoes, Kennebec",25 lb bag,19-Oct,1.0
841,Fruits & Vegetables - Potatoes,"Potatoes, La Ratte Fingerling",1 lb.,19-Aug,6.0
842,Fruits & Vegetables - Potatoes,"Potatoes, La Ratte Fingerling",1 lb.,19-Sep,7.0
843,Fruits & Vegetables - Potatoes,"Potatoes, La Ratte Fingerling",1 lb.,19-Oct,13.0
844,Fruits & Vegetables - Potatoes,"Potatoes, La Ratte Fingerling",1 lb.,19-Nov,3.0
845,Fruits & Vegetables - Potatoes,"Potatoes, La Ratte Fingerling ",1 lb.,19-Aug,1.0
846,Fruits & Vegetables - Potatoes,"Potatoes, La Ratte Fingerling ",1 lb.,19-Sep,4.0
847,Fruits & Vegetables - Potatoes,"Potatoes, La Ratte Fingerling ",1 lb.,19-Oct,3.0
848,Fruits & Vegetables - Potatoes,"Potatoes, Mixed",Pound,19-Aug,15.0
849,Fruits & Vegetables - Potatoes,"Potatoes, Mixed",Pound,19-Sep,20.0
850,Fruits & Vegetables - Potatoes,"Potatoes, Mixed (Red and Yellow)",25 lb box,19-Oct,1.0
851,Fruits & Vegetables - Potatoes,"Potatoes, Mountain Rose",Pound,18-Dec,7.0
852,Fruits & Vegetables - Potatoes,"Potatoes, Mountain Rose",Pound,19-Jan,13.0
853,Fruits & Vegetables - Potatoes,"Potatoes, Papa Cacho fingerling",Pounds,19-Jan,6.0
854,Fruits & Vegetables - Potatoes,"Potatoes, Papa Cacho fingerling",Pounds,19-Feb,14.0
855,Fruits & Vegetables - Potatoes,"Potatoes, Papa Cacho fingerling",1 lb,19-Oct,1.0
856,Fruits & Vegetables - Potatoes,"Potatoes, Papa Cacho fingerling",1 lb,19-Nov,4.0
857,Fruits & Vegetables - Potatoes,"Potatoes, Purple",Pounds,19-Jul,6.0
858,Fruits & Vegetables - Potatoes,"Potatoes, Purple",Pounds,19-Aug,21.0
859,Fruits & Vegetables - Potatoes,"Potatoes, Purple",Pounds,19-Sep,26.0
860,Fruits & Vegetables - Potatoes,"Potatoes, Purple",Pounds,19-Oct,13.0
861,Fruits & Vegetables - Potatoes,"Potatoes, Purple",Pounds,19-Nov,21.0
862,Fruits & Vegetables - Potatoes,"Potatoes, Purple",Pounds,19-Dec,11.0
863,Fruits & Vegetables - Potatoes,"Potatoes, Purple",Pound,19-Aug,1.0
864,Fruits & Vegetables - Potatoes,"Potatoes, Purple",Pound,19-Sep,8.0
865,Fruits & Vegetables - Potatoes,"Potatoes, Purple",Pound,19-Oct,7.0
866,Fruits & Vegetables - Potatoes,"Potatoes, Purple",Pound,19-Nov,15.0
867,Fruits & Vegetables - Potatoes,"Potatoes, Purple",Pound,19-Dec,9.0
868,Fruits & Vegetables - Potatoes,"Potatoes, Purple Peruvians fingerling",Pound,18-Dec,4.0
869,Fruits & Vegetables - Potatoes,"Potatoes, Purple Peruvians fingerling",Pound,19-Jan,6.0
870,Fruits & Vegetables - Potatoes,"Potatoes, Red",Pounds,18-Dec,6.0
871,Fruits & Vegetables - Potatoes,"Potatoes, Red",Pounds,19-Jan,5.0
872,Fruits & Vegetables - Potatoes,"Potatoes, Red",Pounds,19-Jul,11.0
873,Fruits & Vegetables - Potatoes,"Potatoes, Red",Pounds,19-Aug,27.0
874,Fruits & Vegetables - Potatoes,"Potatoes, Red",Pounds,19-Sep,9.0
875,Fruits & Vegetables - Potatoes,"Potatoes, Red",Pounds,19-Oct,18.0
876,Fruits & Vegetables - Potatoes,"Potatoes, Red",Pounds,19-Nov,22.0
877,Fruits & Vegetables - Potatoes,"Potatoes, Red",Pounds,19-Dec,3.0
878,Fruits & Vegetables - Potatoes,"Potatoes, Red Gold",pound,19-Jan,19.0
879,Fruits & Vegetables - Potatoes,"Potatoes, Red Gold",pound,19-Feb,32.0
880,Fruits & Vegetables - Potatoes,"Potatoes, Red Gold",pound,19-Mar,46.0
881,Fruits & Vegetables - Potatoes,"Potatoes, Red Gold",pound,19-Apr,54.0
882,Fruits & Vegetables - Potatoes,"Potatoes, Red Pontiac",pound A large,19-Aug,2.0
883,Fruits & Vegetables - Potatoes,"Potatoes, Red Pontiac",pound A large,19-Sep,4.0
884,Fruits & Vegetables - Potatoes,"Potatoes, Red Pontiac",pound A large,19-Oct,2.0
885,Fruits & Vegetables - Potatoes,"Potatoes, Red Pontiac",pound A large,19-Nov,8.0
886,Fruits & Vegetables - Potatoes,"Potatoes, Red Pontiac",pound A large,19-Dec,1.0
887,Fruits & Vegetables - Potatoes,"Potatoes, Red Pontiac",Pound,19-Dec,2.0
888,Fruits & Vegetables - Potatoes,"Potatoes, Russian Banana fingerling",Pound ,18-Dec,1.0
889,Fruits & Vegetables - Potatoes,"Potatoes, Russian Banana fingerling",Pound ,19-Jan,12.0
890,Fruits & Vegetables - Potatoes,"Potatoes, Russian Banana fingerling",Pound ,19-Feb,15.0
891,Fruits & Vegetables - Potatoes,"Potatoes, Russian Banana fingerling",Pound ,19-Mar,6.0
892,Fruits & Vegetables - Potatoes,"Potatoes, Russian Banana fingerling",Pound ,19-Jul,11.0
893,Fruits & Vegetables - Potatoes,"Potatoes, Russian Banana fingerling",Pound ,19-Aug,3.0
894,Fruits & Vegetables - Potatoes,"Potatoes, Russian Banana fingerling",Pound ,19-Sep,6.0
895,Fruits & Vegetables - Potatoes,"Potatoes, Russian Banana fingerling",2 lb. box,19-Oct,2.0
896,Fruits & Vegetables - Potatoes,"Potatoes, Russian Banana fingerling",2 lb. box,19-Nov,7.0
897,Fruits & Vegetables - Potatoes,"Potatoes, Russian Banana fingerling",2 lb. box,19-Dec,3.0
898,Fruits & Vegetables - Potatoes,"Potatoes, White",Pound,19-Jul,1.0
899,Fruits & Vegetables - Potatoes,"Potatoes, White",Pound,19-Aug,6.0
900,Fruits & Vegetables - Potatoes,"Potatoes, White",Pound,19-Sep,5.0
901,Fruits & Vegetables - Potatoes,"Potatoes, White",Pound - Size A A - Large,19-Jan,14.0
902,Fruits & Vegetables - Potatoes,"Potatoes, White",Pound - Size A A - Large,19-Feb,14.0
903,Fruits & Vegetables - Potatoes,"Potatoes, White",Pound - Size A A - Large,19-Mar,179.0
904,Fruits & Vegetables - Potatoes,"Potatoes, White",Pound - Size A A - Large,19-Sep,10.0
905,Fruits & Vegetables - Potatoes,"Potatoes, White",Pound - Size A A - Large,19-Oct,5.0
906,Fruits & Vegetables - Potatoes,"Potatoes, White",Pound - Size A A - Large,19-Nov,14.0
907,Fruits & Vegetables - Potatoes,"Potatoes, White",Pound - Size A A - Large,19-Dec,8.0
908,Fruits & Vegetables - Potatoes,"Potatoes, White",Pound - SizeB  B - Medium,18-Dec,2.0
909,Fruits & Vegetables - Potatoes,"Potatoes, White",Pound - SizeB  B - Medium,19-Jan,2.0
910,Fruits & Vegetables - Potatoes,"Potatoes, White",Pound - SizeB  B - Medium,19-Feb,3.0
911,Fruits & Vegetables - Potatoes,"Potatoes, White",Pound - SizeB  B - Medium,19-Mar,6.0
912,Fruits & Vegetables - Potatoes,"Potatoes, White",Pound - SizeB  B - Medium,19-Apr,2.0
913,Fruits & Vegetables - Potatoes,"Potatoes, White",25 lb case - Size A,19-Feb,2.0
914,Fruits & Vegetables - Potatoes,"Potatoes, Yellow",Pounds,18-Dec,7.0
915,Fruits & Vegetables - Potatoes,"Potatoes, Yellow",Pounds,19-Jan,13.0
916,Fruits & Vegetables - Potatoes,"Potatoes, Yellow",Pounds,19-Aug,9.0
917,Fruits & Vegetables - Potatoes,"Potatoes, Yellow",Pounds,19-Sep,30.0
918,Fruits & Vegetables - Potatoes,"Potatoes, Yellow",Pounds,19-Oct,12.0
919,Fruits & Vegetables - Potatoes,"Potatoes, Yellow",Pounds,19-Nov,40.0
920,Fruits & Vegetables - Potatoes,"Potatoes, Yellow",Pounds,19-Dec,26.0
921,Fruits & Vegetables - Potatoes,"Potatoes, Yellow Fingerling",Pounds,19-Jul,9.0
922,Fruits & Vegetables - Potatoes,"Potatoes, Yukon Gold",Pound,19-Jan,3.0
923,Fruits & Vegetables - Potatoes,"Potatoes, Yukon Gold",Pound,19-Feb,25.0
924,Fruits & Vegetables - Winter Squash,"Pumpkin, Mixed Varieties",1 pumpkin,19-Sep,4.0
925,Fruits & Vegetables - Winter Squash,"Pumpkin, Pie",1-5 lbs,19-Sep,16.0
926,Fruits & Vegetables - Winter Squash,"Pumpkin, Seminole",1 lb,19-Feb,7.5
927,Fruits & Vegetables - Winter Squash,"Pumpkin, Seminole",1 lb,19-Mar,7.5
928,Fruits & Vegetables - Winter Squash,"Pumpkin, Seminole",1 lb,19-Dec,15.0
929,Fruits & Vegetables - Winter Squash,"Pumpkin, Seminole",1 lb,19-Feb,4.0
930,Fruits & Vegetables - Winter Squash,"Pumpkin, Seminole",1 lb,19-Mar,4.0
931,Fruits & Vegetables - Winter Squash,"Pumpkin, Seminole",1 lb,19-Nov,20.0
932,Fruits & Vegetables - Winter Squash,"Pumpkin, Seminole",1 lb,19-Dec,16.0
933,Fruits & Vegetables - Winter Squash,"Pumpkin, Seminole",1 lb,19-Jan,13.5
934,Fruits & Vegetables - Winter Squash,"Pumpkin, Seminole",1 lb,19-Feb,13.5
935,Fruits & Vegetables - Winter Squash,"Pumpkin, Seminole",1 lb,19-Mar,13.5
936,Fruits & Vegetables - Winter Squash,"Pumpkin, Seminole",1 lb,19-Nov,13.5
937,Fruits & Vegetables - Quince,Quince,Pound,19-Sep,5.0
938,Fruits & Vegetables - Quince,Quince,Pound,19-Oct,9.0
939,Fruits & Vegetables - Quince,Quince,Pound,19-Nov,18.0
940,Fruits & Vegetables - Greens,Radicchio,1 head,19-Oct,11.0
941,Fruits & Vegetables - Greens,Radicchio,1 head,19-Nov,4.0
942,Fruits & Vegetables - Radishes,Radishes,1 lb bunch,19-Mar,5.0
943,Fruits & Vegetables - Radishes,Radishes,1 bunch,18-Dec,5.0
944,Fruits & Vegetables - Radishes,Radishes,1 bunch,19-Jan,36.0
945,Fruits & Vegetables - Radishes,Radishes,1 bunch,19-Feb,46.0
946,Fruits & Vegetables - Radishes,Radishes,1 bunch,19-Mar,52.0
947,Fruits & Vegetables - Radishes,Radishes,1 bunch,19-Apr,69.0
948,Fruits & Vegetables - Radishes,Radishes,1 bunch,19-May,41.0
949,Fruits & Vegetables - Radishes,Radishes,1 bunch,19-Jun,92.0
950,Fruits & Vegetables - Radishes,Radishes,1 bunch,19-Jul,0.0
951,Fruits & Vegetables - Radishes,Radishes,1 bunch,19-Aug,15.0
952,Fruits & Vegetables - Radishes,Radishes,1 bunch,19-Oct,56.0
953,Fruits & Vegetables - Radishes,Radishes,1 bunch,19-Nov,52.0
954,Fruits & Vegetables - Radishes,Radishes,1 bunch,19-Dec,7.0
955,Fruits & Vegetables - Radishes,"Radishes, Daikon",1 bunch,18-Dec,1.0
956,Fruits & Vegetables - Radishes,"Radishes, Daikon",1 bunch,19-Jan,11.0
957,Fruits & Vegetables - Radishes,"Radishes, Daikon",1 bunch,19-May,9.0
958,Fruits & Vegetables - Radishes,"Radishes, Daikon",1 bunch,19-Jun,19.0
959,Fruits & Vegetables - Radishes,"Radishes, Daikon",1 bunch,19-Jul,10.0
960,Fruits & Vegetables - Radishes,"Radishes, Daikon",1 bunch,19-Aug,9.0
961,Fruits & Vegetables - Radishes,"Radishes, Daikon",1 bunch,19-Sep,5.0
962,Fruits & Vegetables - Radishes,"Radishes, Daikon",1 bunch,19-Oct,14.0
963,Fruits & Vegetables - Radishes,"Radishes, Easter Egg",1 bunch,19-May,2.0
964,Fruits & Vegetables - Radishes,"Radishes, Easter Egg",1 bunch,19-Oct,5.0
965,Fruits & Vegetables - Radishes,"Radishes, French Breakfast",1 bunch,18-Dec,4.0
966,Fruits & Vegetables - Radishes,"Radishes, French Breakfast",1 bunch,19-Jan,7.0
967,Fruits & Vegetables - Radishes,"Radishes, French Breakfast",1 bunch,19-Feb,9.0
968,Fruits & Vegetables - Radishes,"Radishes, French Breakfast",1 bunch,19-Mar,18.0
969,Fruits & Vegetables - Radishes,"Radishes, French Breakfast",1 bunch,19-Apr,22.0
970,Fruits & Vegetables - Radishes,"Radishes, French Breakfast",1 bunch,19-May,22.0
971,Fruits & Vegetables - Radishes,"Radishes, French Breakfast",1 bunch,19-Oct,15.0
972,Fruits & Vegetables - Radishes,"Radishes, French Breakfast",1 bunch,19-Dec,8.0
973,Fruits & Vegetables - Radishes,"Radishes, Icicle",1 bunch,18-Dec,1.0
974,Fruits & Vegetables - Radishes,"Radishes, Icicle",1 bunch,19-Jan,6.0
975,Fruits & Vegetables - Radishes,"Radishes, Icicle",1 bunch,19-Feb,2.0
976,Fruits & Vegetables - Radishes,"Radishes, Ostergruss",1 bunch,19-May,5.0
977,Fruits & Vegetables - Radishes,"Radishes, Ostergruss",1 bunch,19-Jun,10.0
978,Fruits & Vegetables - Greens,Rainbow Chard,Bunch (8 oz),19-Jan,5.0
979,Fruits & Vegetables - Greens,Rainbow Chard,Bunch (8 oz),19-Feb,7.0
980,Fruits & Vegetables - Greens,Rainbow Chard,Bunch (8 oz),19-Mar,9.0
981,Fruits & Vegetables - Greens,Rainbow Chard,Bunch (8 oz),19-Apr,11.0
982,Fruits & Vegetables - Greens,Rainbow Chard,Bunch (8 oz),19-May,7.0
983,Fruits & Vegetables - Greens,Rainbow Chard,Bunch (8 oz),19-Jun,7.0
984,Fruits & Vegetables - Greens,Rainbow Chard,Bunch (8 oz),19-Jul,3.0
985,Fruits & Vegetables - Greens,Rainbow Chard,Bunch (8 oz),19-Sep,5.0
986,Fruits & Vegetables - Greens,Rainbow Chard,Bunch (8 oz),19-Oct,7.0
987,Fruits & Vegetables - Greens,Rainbow Chard,Bunch (8 oz),19-Nov,7.0
988,Fruits & Vegetables - Greens,Rainbow Chard,Bunch (8 oz),19-Dec,4.0
989,Fruits & Vegetables - Greens,Rainbow Chard,1 bunch,19-Apr,6.0
990,Fruits & Vegetables - Greens,Rainbow Chard,1 bunch,19-May,26.0
991,Fruits & Vegetables - Greens,Rainbow Chard,1 bunch,19-Jun,23.0
992,Fruits & Vegetables - Greens,Rainbow Chard,1 bunch,19-Jul,17.0
993,Fruits & Vegetables - Greens,Rainbow Chard,1 bunch,19-Aug,16.0
994,Fruits & Vegetables - Greens,Rainbow Chard,1 bunch,19-Sep,10.0
995,Fruits & Vegetables - Garlic and Ramps,Ramps,1 bunch,19-Apr,51.0
996,Fruits & Vegetables - Berries,"Raspberries, Black",6 oz container,19-Jun,5.0
997,Fruits & Vegetables - Rhubarb,Rhubarb,1 bunch (enough for 2 pies),19-Apr,6.0
998,Fruits & Vegetables - Rhubarb,Rhubarb,1 bunch (enough for 2 pies),19-May,5.0
999,Fruits & Vegetables - Rhubarb,Rhubarb,1 bunch (enough for 2 pies),19-Jun,10.0
1000,Fruits & Vegetables - Rhubarb,Rhubarb,1 bunch (enough for 2 pies),19-Jul,6.0
1001,Fruits & Vegetables - Herbs,"Rosemary, Fresh",1 oz bunch,19-Jan,11.0
1002,Fruits & Vegetables - Herbs,"Rosemary, Fresh",1 oz bunch,19-Feb,6.0
1003,Fruits & Vegetables - Herbs,"Rosemary, Fresh",1 oz bunch,19-Mar,4.0
1004,Fruits & Vegetables - Herbs,"Rosemary, Fresh",1 oz bunch,19-Apr,3.0
1005,Fruits & Vegetables - Herbs,"Rosemary, Fresh",1 oz bunch,19-May,6.0
1006,Fruits & Vegetables - Herbs,"Rosemary, Fresh",1 oz bunch,19-Jun,9.0
1007,Fruits & Vegetables - Herbs,"Rosemary, Fresh",1 oz bunch,19-Jul,7.0
1008,Fruits & Vegetables - Herbs,"Rosemary, Fresh",1 oz bunch,19-Aug,6.0
1009,Fruits & Vegetables - Herbs,"Rosemary, Fresh",1 oz bunch,19-Sep,7.0
1010,Fruits & Vegetables - Herbs,"Rosemary, Fresh",1 oz bunch,19-Oct,5.0
1011,Fruits & Vegetables - Herbs,"Rosemary, Fresh",1 oz bunch,19-Nov,18.0
1012,Fruits & Vegetables - Herbs,"Rosemary, Fresh",1 oz bunch,19-Dec,8.0
1013,Fruits & Vegetables - Herbs,"Rosemary, Fresh",Large bunch ,19-Jan,1.0
1014,Fruits & Vegetables - Herbs,"Rosemary, Fresh",Large bunch ,19-Feb,4.0
1015,Fruits & Vegetables - Herbs,"Rosemary, Fresh",Large bunch ,19-Mar,2.0
1016,Fruits & Vegetables - Herbs,"Rosemary, Fresh",Large bunch ,19-Apr,2.0
1017,Fruits & Vegetables - Herbs,"Rosemary, Fresh",Large bunch ,19-May,1.0
1018,Fruits & Vegetables - Herbs,"Rosemary, Fresh",Large bunch ,19-Jun,1.0
1019,Fruits & Vegetables - Herbs,"Rosemary, Fresh",Large bunch ,19-Aug,3.0
1020,Fruits & Vegetables - Herbs,"Rosemary, Fresh",Large bunch ,19-Sep,1.0
1021,Fruits & Vegetables - Herbs,"Rosemary, Fresh",Large bunch ,19-Nov,3.0
1022,Fruits & Vegetables - Herbs,"Rosemary, Fresh",Large bunch ,19-Dec,1.0
1023,Fruits & Vegetables - Herbs,"Rosemary, Fresh",1 bunch,19-Oct,2.0
1024,Fruits & Vegetables - Herbs,Sage for culinary use,1 bunch of sage - 5 stems,19-Aug,1.0
1025,Fruits & Vegetables - Herbs,Sage for culinary use,1 bunch of sage - 5 stems,19-Sep,1.0
1026,Fruits & Vegetables - Herbs,Sage for culinary use,1 bunch of sage - 5 stems,19-Oct,1.0
1027,Fruits & Vegetables - Herbs,Sage for culinary use,1 bunch of sage - 5 stems,19-Nov,3.0
1028,Fruits & Vegetables - Herbs,Sage for culinary use,1 bunch of sage - 5 stems,19-Dec,2.0
1029,Fruits & Vegetables - Fermented Products,"Sauerkraut, Beet",Pint,19-Dec,2.0
1030,Fruits & Vegetables - Fermented Products,"Sauerkraut, Lemon Dill",Pint,19-Aug,6.0
1031,Fruits & Vegetables - Fermented Products,"Sauerkraut, Lemon Dill",Pint,19-Sep,9.0
1032,Fruits & Vegetables - Fermented Products,"Sauerkraut, Lemon Dill",Pint,19-Nov,8.0
1033,Fruits & Vegetables - Fermented Products,"Sauerkraut, Lemon Dill",Pint,19-Dec,5.0
1034,Fruits & Vegetables - Fermented Products,"Sauerkraut, Pink",Pint,19-Sep,1.0
1035,Fruits & Vegetables - Fermented Products,"Sauerkraut, Pink",Pint,19-Oct,5.0
1036,Fruits & Vegetables - Fermented Products,"Sauerkraut, Pink",Pint,19-Nov,6.0
1037,Fruits & Vegetables - Fermented Products,"Sauerkraut, Pink",Pint,19-Dec,2.0
1038,Fruits & Vegetables - Fermented Products,"Sauerkraut, Red Caraway",Pint,19-Aug,2.0
1039,Fruits & Vegetables - Fermented Products,"Sauerkraut, Red Caraway",Pint,19-Oct,2.0
1040,Fruits & Vegetables - Fermented Products,"Sauerkraut, Red Caraway",Pint,19-Nov,2.0
1041,Fruits & Vegetables - Fermented Products,"Sauerkraut, Rooted",Pint,19-Aug,6.0
1042,Fruits & Vegetables - Fermented Products,"Sauerkraut, Rooted",Pint,19-Sep,4.0
1043,Fruits & Vegetables - Fermented Products,"Sauerkraut, Rooted",Pint,19-Oct,2.0
1044,Fruits & Vegetables - Fermented Products,"Sauerkraut, Rooted",Pint,19-Nov,4.0
1045,Fruits & Vegetables - Fermented Products,Simply Sauerkraut,Pint,19-Dec,6.0
1046,Fruits & Vegetables - Fermented Products,Spicy Chow Chow,Pint,19-Dec,3.0
1047,Fruits & Vegetables - Greens,Spinach,1/4 lb. bag,19-Jan,44.0
1048,Fruits & Vegetables - Greens,Spinach,1/4 lb. bag,19-Feb,40.0
1049,Fruits & Vegetables - Greens,Spinach,1/4 lb. bag,19-Mar,61.0
1050,Fruits & Vegetables - Greens,Spinach,1/4 lb. bag,19-Apr,33.0
1051,Fruits & Vegetables - Greens,Spinach,1/4 lb. bag,19-Oct,3.0
1052,Fruits & Vegetables - Greens,Spinach,1/4 lb. bag,19-Nov,8.0
1053,Fruits & Vegetables - Greens,Spinach,1/4 lb. bag,19-Dec,11.0
1054,Fruits & Vegetables - Greens,Spinach,1/2 lb. bag,19-Jun,44.0
1055,Fruits & Vegetables - Greens,Spinach,1/3 lb. bag,18-Dec,22.0
1056,Fruits & Vegetables - Greens,Spinach,1/3 lb. bag,19-Jan,70.0
1057,Fruits & Vegetables - Greens,Spinach,1/3 lb. bag,19-Feb,60.0
1058,Fruits & Vegetables - Greens,Spinach,1/3 lb. bag,19-Mar,107.0
1059,Fruits & Vegetables - Greens,Spinach,1/3 lb. bag,19-Apr,115.0
1060,Fruits & Vegetables - Greens,Spinach,1/3 lb. bag,19-May,93.0
1061,Fruits & Vegetables - Greens,Spinach,1/3 lb. bag,19-Jun,11.0
1062,Fruits & Vegetables - Greens,Spinach,1 lb bag,19-Mar,8.0
1063,Fruits & Vegetables - Greens,Spring Salad & Mustard Mix,1/3 lb bag,19-May,33.0
1064,Fruits & Vegetables - Greens,Spring Salad & Mustard Mix,1/3 lb bag,19-Jun,13.0
1065,Fruits & Vegetables - Greens,Spring Salad & Mustard Mix,1/3 lb bag,19-Jul,19.0
1066,Fruits & Vegetables - Greens,Spring Salad & Mustard Mix,1/3 lb bag,19-Aug,15.0
1067,Fruits & Vegetables - Greens,Spring Salad & Mustard Mix,1/3 lb bag,19-Sep,12.0
1068,Fruits & Vegetables - Greens,Spring Salad & Mustard Mix,1/3 lb bag,19-Oct,16.0
1069,Fruits & Vegetables - Greens,Spring Salad & Mustard Mix,1/3 lb bag,19-Nov,7.0
1070,Fruits & Vegetables - Greens,Spring Salad Mix,3 lb bag,19-Mar,3.0
1071,Fruits & Vegetables - Greens,Spring Salad Mix,3 lb bag,19-Oct,4.0
1072,Fruits & Vegetables - Greens,Spring Salad Mix,8 oz. (1/2 lb.) Bag,18-Dec,15.0
1073,Fruits & Vegetables - Greens,Spring Salad Mix,8 oz. (1/2 lb.) Bag,19-Jan,60.0
1074,Fruits & Vegetables - Greens,Spring Salad Mix,8 oz. (1/2 lb.) Bag,19-Feb,65.0
1075,Fruits & Vegetables - Greens,Spring Salad Mix,8 oz. (1/2 lb.) Bag,19-Mar,51.0
1076,Fruits & Vegetables - Greens,Spring Salad Mix,8 oz. (1/2 lb.) Bag,19-Apr,46.0
1077,Fruits & Vegetables - Greens,Spring Salad Mix,8 oz. (1/2 lb.) Bag,19-May,35.0
1078,Fruits & Vegetables - Greens,Spring Salad Mix,8 oz. (1/2 lb.) Bag,19-Jun,35.0
1079,Fruits & Vegetables - Greens,Spring Salad Mix,8 oz. (1/2 lb.) Bag,19-Dec,28.0
1080,Fruits & Vegetables - Greens,Spring Salad Mix,1/3 lb bag,19-Jan,21.0
1081,Fruits & Vegetables - Greens,Spring Salad Mix,1/3 lb bag,19-Feb,35.0
1082,Fruits & Vegetables - Greens,Spring Salad Mix,1/3 lb bag,19-Apr,33.0
1083,Fruits & Vegetables - Greens,Spring Salad Mix,1/3 lb bag,19-May,53.0
1084,Fruits & Vegetables - Greens,Spring Salad Mix,1/3 lb bag,19-Jun,57.0
1085,Fruits & Vegetables - Greens,Spring Salad Mix,1/3 lb bag,19-Jul,44.0
1086,Fruits & Vegetables - Greens,Spring Salad Mix,1/3 lb bag,19-Aug,94.0
1087,Fruits & Vegetables - Greens,Spring Salad Mix,1/3 lb bag,19-Sep,92.0
1088,Fruits & Vegetables - Greens,Spring Salad Mix,1/3 lb bag,19-Oct,26.0
1089,Fruits & Vegetables - Greens,Spring Salad Mix,1/3 lb bag,19-Nov,63.0
1090,Fruits & Vegetables - Greens,Spring Salad Mix,1/3 lb bag,19-Dec,57.0
1091,Fruits & Vegetables - Greens,Spring Salad Mix,1/3 lb. bag,18-Dec,12.0
1092,Fruits & Vegetables - Greens,Spring Salad Mix,1/3 lb. bag,19-Jan,40.0
1093,Fruits & Vegetables - Greens,Spring Salad Mix,1/3 lb. bag,19-Feb,25.0
1094,Fruits & Vegetables - Greens,Spring Salad Mix,1/3 lb. bag,19-Mar,40.0
1095,Fruits & Vegetables - Greens,Spring Salad Mix,1/3 lb. bag,19-Apr,3.0
1096,Fruits & Vegetables - Greens,Spring Salad Mix,1/3 lb. bag,19-May,1.0
1097,Fruits & Vegetables - Greens,Spring Salad Mix,1/3 lb. bag,19-Jun,9.0
1098,Fruits & Vegetables - Greens,Spring Salad Mix,1/3 lb. bag,19-Jul,21.0
1099,Fruits & Vegetables - Greens,Spring Salad Mix,1/3 lb. bag,19-Sep,17.0
1100,Fruits & Vegetables - Greens,Spring Salad Mix,1/3 lb. bag,19-Oct,46.0
1101,Fruits & Vegetables - Greens,Spring Salad Mix,1/3 lb. bag,19-Nov,50.0
1102,Fruits & Vegetables - Greens,Spring Salad Mix,1/3 lb. bag,19-Dec,21.0
1103,Fruits & Vegetables - Greens,Spring Salad Mix,1 lb bag,19-Apr,2.0
1104,Fruits & Vegetables - Greens,Spring Salad Mix,1 lb bag,19-Jun,1.0
1105,Fruits & Vegetables - Greens,Spring Salad Mix,1 lb bag,19-Jul,4.0
1106,Fruits & Vegetables - Greens,Spring Salad Mix,1 lb bag,19-Aug,1.0
1107,Fruits & Vegetables - Winter Squash,"Squash, Butternut",Single Serving Size (<1 lb),19-Oct,26.0
1108,Fruits & Vegetables - Winter Squash,"Squash, Butternut",2-3 lbs,19-Feb,6.0
1109,Fruits & Vegetables - Winter Squash,"Squash, Butternut",2-3 lbs,19-Sep,12.0
1110,Fruits & Vegetables - Winter Squash,"Squash, Butternut",2-3 lbs,19-Oct,1.0
1111,Fruits & Vegetables - Winter Squash,"Squash, Butternut",2-4 lbs,19-Sep,15.0
1112,Fruits & Vegetables - Winter Squash,"Squash, Butternut",2-4 lbs,19-Oct,1.0
1113,Fruits & Vegetables - Winter Squash,"Squash, Butternut",2-4 lbs,19-Nov,23.0
1114,Fruits & Vegetables - Winter Squash,"Squash, Butternut",2-4 lbs,19-Dec,6.0
1115,Fruits & Vegetables - Winter Squash,"Squash, Butternut",3-4 lbs,19-Feb,1.0
1116,Fruits & Vegetables - Winter Squash,"Squash, Butternut",3-4 lbs,19-Sep,8.0
1117,Fruits & Vegetables - Winter Squash,"Squash, Butternut",1-2 lbs,19-Feb,5.0
1118,Fruits & Vegetables - Winter Squash,"Squash, Butternut",1-2 lbs,19-Sep,18.0
1119,Fruits & Vegetables - Winter Squash,"Squash, Butternut",1-2 lbs,19-Oct,42.0
1120,Fruits & Vegetables - Winter Squash,"Squash, Butternut",1-2 lbs,19-Nov,17.0
1121,Fruits & Vegetables - Winter Squash,"Squash, Butternut",1-2 lbs,19-Dec,24.0
1122,Fruits & Vegetables - Winter Squash,"Squash, Butternut",1 lb,19-Oct,25.0
1123,Fruits & Vegetables - Summer Squash,"Squash, Yellow Straightneck",Pound,19-Jul,20.0
1124,Fruits & Vegetables - Summer Squash,"Squash, Yellow Straightneck",Pound,19-Aug,17.0
1125,Fruits & Vegetables - Summer Squash,"Summer Squash - Zucchini, assorted varieties",pound,19-Jul,9.0
1126,Fruits & Vegetables - Summer Squash,"Summer Squash - Zucchini, assorted varieties",pound,19-Aug,5.0
1127,Fruits & Vegetables - Summer Squash,"Summer Squash - Zucchini, assorted varieties",pound,19-Sep,7.0
1128,Fruits & Vegetables - Summer Squash,"Summer Squash - Zucchini, assorted varieties",pound,19-Oct,6.0
1129,Fruits & Vegetables - Summer Squash,"Summer Squash, Assorted",Pound,19-May,8.0
1130,Fruits & Vegetables - Summer Squash,"Summer Squash, Assorted",Pound,19-Jun,88.0
1131,Fruits & Vegetables - Summer Squash,"Summer Squash, Assorted",Pound,19-Jul,146.0
1132,Fruits & Vegetables - Summer Squash,"Summer Squash, Assorted",Pound,19-Aug,199.0
1133,Fruits & Vegetables - Summer Squash,"Summer Squash, Assorted",Pound,19-Sep,47.0
1134,Fruits & Vegetables - Summer Squash,"Summer Squash, Assorted",Pound,19-Oct,5.0
1135,Fruits & Vegetables - Summer Squash,"Summer Squash, Zephyr",Pound,19-Jun,57.0
1136,Fruits & Vegetables - Summer Squash,"Summer Squash, Zephyr",Pound,19-Jul,27.0
1137,Fruits & Vegetables - Summer Squash,"Summer Squash, Zephyr",1 lb,19-Jun,20.0
1138,Fruits & Vegetables - Summer Squash,"Summer Squash, Zephyr",1 lb,19-Jul,14.0
1139,Fruits & Vegetables - Summer Squash,"Summer Squash, Zucchini",Pound,19-May,7.0
1140,Fruits & Vegetables - Summer Squash,"Summer Squash, Zucchini",Pound,19-Jun,108.0
1141,Fruits & Vegetables - Summer Squash,"Summer Squash, Zucchini",Pound,19-Jul,16.0
1142,Fruits & Vegetables - Summer Squash,"Summer Squash, Zucchini",Pound,19-Aug,8.0
1143,Fruits & Vegetables - Greens,Sunflower Sprouts,4 oz. bag,19-Apr,10.0
1144,Fruits & Vegetables - Greens,Sunflower Sprouts,4 oz. bag,19-May,28.0
1145,Fruits & Vegetables - Greens,Sunflower Sprouts,4 oz. bag,19-Jun,15.0
1146,Fruits & Vegetables - Greens,Sunflower Sprouts,4 oz. bag,19-Jul,22.0
1147,Fruits & Vegetables - Greens,Sunflower Sprouts,4 oz. bag,19-Aug,29.0
1148,Fruits & Vegetables - Greens,Sunflower Sprouts,4 oz. bag,19-Sep,36.0
1149,Fruits & Vegetables - Greens,Sunflower Sprouts,4 oz. bag,19-Oct,21.0
1150,Fruits & Vegetables - Greens,Sunflower Sprouts,4 oz. bag,19-Nov,31.0
1151,Fruits & Vegetables - Greens,Sunflower Sprouts,4 oz. bag,19-Dec,16.0
1152,Fruits & Vegetables - Potatoes,"Sweet Potatoes, Covington",Pound,19-Sep,50.0
1153,Fruits & Vegetables - Potatoes,"Sweet Potatoes, Covington",Pound,19-Oct,20.0
1154,Fruits & Vegetables - Potatoes,"Sweet Potatoes, Covington (mishaped, some blemishes)",Pound,19-Oct,25.0
1155,Fruits & Vegetables - Potatoes,"Sweet Potatoes, Orange",Pound (some are 3 lbs.),19-Oct,18.0
1156,Fruits & Vegetables - Potatoes,"Sweet Potatoes, Orange",Pound - order in multiples of 2 lbs,19-Nov,7.0
1157,Fruits & Vegetables - Potatoes,"Sweet Potatoes, Orange",Pound,18-Dec,19.0
1158,Fruits & Vegetables - Potatoes,"Sweet Potatoes, Orange",Pound,19-Jan,87.0
1159,Fruits & Vegetables - Potatoes,"Sweet Potatoes, Orange",Pound,19-Feb,27.0
1160,Fruits & Vegetables - Potatoes,"Sweet Potatoes, Orange",Pound,19-Sep,21.0
1161,Fruits & Vegetables - Potatoes,"Sweet Potatoes, Orange",Pound,19-Oct,70.0
1162,Fruits & Vegetables - Potatoes,"Sweet Potatoes, Orange",Pound,19-Nov,89.0
1163,Fruits & Vegetables - Potatoes,"Sweet Potatoes, Orange (large)",Pound,19-Oct,25.0
1164,Fruits & Vegetables - Potatoes,"Sweet Potatoes, Purple",Pound,19-Sep,25.0
1165,Fruits & Vegetables - Potatoes,"Sweet Potatoes, Purple",Pound,19-Oct,33.0
1166,Fruits & Vegetables - Potatoes,"Sweet Potatoes, Purple",Pound,19-Nov,61.0
1167,Fruits & Vegetables - Potatoes,"Sweet Potatoes, Purple",Pound,19-Dec,11.0
1168,Fruits & Vegetables - Potatoes,"Sweet Potatoes, White",Pound - order in multiples of 2 lbs,19-Nov,3.0
1169,Fruits & Vegetables - Potatoes,"Sweet Potatoes, White",Pound,18-Dec,5.0
1170,Fruits & Vegetables - Potatoes,"Sweet Potatoes, White",Pound,19-Jan,20.0
1171,Fruits & Vegetables - Potatoes,"Sweet Potatoes, White",Pound,19-Feb,37.0
1172,Fruits & Vegetables - Potatoes,"Sweet Potatoes, White",Pound,19-Mar,47.0
1173,Fruits & Vegetables - Potatoes,"Sweet Potatoes, White",Pound,19-Oct,22.0
1174,Fruits & Vegetables - Potatoes,"Sweet Potatoes, White",Pound,19-Nov,26.0
1175,Fruits & Vegetables - Fermented Products,Sweet Relish,Half pint,19-Aug,1.0
1176,Fruits & Vegetables - Fermented Products,Sweet Relish,Half pint,19-Sep,2.0
1177,Fruits & Vegetables - Fermented Products,Sweet Relish,Half pint,19-Oct,1.0
1178,Fruits & Vegetables - Fermented Products,Sweet Relish,Half pint,19-Nov,3.0
1179,Fruits & Vegetables - Fermented Products,Sweet Relish,Half pint,19-Dec,2.0
1180,Fruits & Vegetables - Tomatillos,Tomatillos,1 lb bag,19-Jul,5.0
1181,Fruits & Vegetables - Tomatoes,"Tomatoes, Cherokee Purple",Pound,19-Jul,32.0
1182,Fruits & Vegetables - Tomatoes,"Tomatoes, Cherokee Purple",Pound,19-Aug,26.0
1183,Fruits & Vegetables - Tomatoes,"Tomatoes, Cherokee Purple",Pound,19-Sep,1.0
1184,Fruits & Vegetables - Tomatoes,"Tomatoes, Green (for Fried Green Tomatoes)",pound,19-Nov,4.0
1185,Fruits & Vegetables - Tomatoes,"Tomatoes, Green Zebra",Pound,19-Aug,4.0
1186,Fruits & Vegetables - Tomatoes,"Tomatoes, Heirloom Beefsteak",per lb.,19-Sep,11.0
1187,Fruits & Vegetables - Tomatoes,"Tomatoes, Heirloom Italian Roma",pound,19-Oct,18.0
1188,Fruits & Vegetables - Tomatoes,"Tomatoes, Heirloom Italian Roma",pound,19-Nov,21.0
1189,Fruits & Vegetables - Tomatoes,"Tomatoes, Heirloom Red Slicers",Pound,19-Jul,19.0
1190,Fruits & Vegetables - Tomatoes,"Tomatoes, Heirloom Red Slicers",Pound,19-Aug,8.0
1191,Fruits & Vegetables - Tomatoes,"Tomatoes, Mixed Cherry",1 pint,19-Jul,96.0
1192,Fruits & Vegetables - Tomatoes,"Tomatoes, Mixed Cherry",1 pint,19-Aug,93.0
1193,Fruits & Vegetables - Tomatoes,"Tomatoes, Mixed Cherry",1 pint,19-Sep,28.0
1194,Fruits & Vegetables - Tomatoes,"Tomatoes, Mixed Cherry",1 pint,19-Oct,1.0
1195,Fruits & Vegetables - Tomatoes,"Tomatoes, Mixed Cherry (Lemon)",1 pint,19-Sep,5.0
1196,Fruits & Vegetables - Tomatoes,"Tomatoes, Mixed Heirloom Cherry Varieties",per lb.,19-Sep,9.0
1197,Fruits & Vegetables - Tomatoes,"Tomatoes, Mixed Heirloom Cherry Varieties",per lb.,19-Oct,16.0
1198,Fruits & Vegetables - Tomatoes,"Tomatoes, Mixed Heirloom Cherry Varieties",per lb.,19-Nov,7.0
1199,Fruits & Vegetables - Tomatoes,"Tomatoes, Mixed Heirloom Varieties",per lb,19-Jul,18.0
1200,Fruits & Vegetables - Tomatoes,"Tomatoes, Mixed Heirloom Varieties",per lb,19-Aug,67.0
1201,Fruits & Vegetables - Tomatoes,"Tomatoes, Mixed Heirloom Varieties",per lb,19-Sep,66.0
1202,Fruits & Vegetables - Tomatoes,"Tomatoes, Mixed Heirloom Varieties",per lb,19-Oct,6.0
1203,Fruits & Vegetables - Tomatoes,"Tomatoes, Mountain Magic",Pound,19-Jul,8.0
1204,Fruits & Vegetables - Tomatoes,"Tomatoes, Mountain Magic",Pound,19-Aug,8.0
1205,Fruits & Vegetables - Tomatoes,"Tomatoes, Mountain Magic",25 lb box,19-Aug,4.0
1206,Fruits & Vegetables - Tomatoes,"Tomatoes, Mountain Magic",25 lb box,19-Sep,1.0
1207,Fruits & Vegetables - Tomatoes,"Tomatoes, Orange Beefsteak",Pound,19-Apr,10.0
1208,Fruits & Vegetables - Tomatoes,"Tomatoes, Orange Beefsteak",Pound,19-May,26.0
1209,Fruits & Vegetables - Tomatoes,"Tomatoes, Orange Beefsteak",Pound,19-Jun,48.0
1210,Fruits & Vegetables - Tomatoes,"Tomatoes, Orange Beefsteak",Pound,19-Jul,22.0
1211,Fruits & Vegetables - Tomatoes,"Tomatoes, Orange Beefsteak",Pound,19-Aug,4.0
1212,Fruits & Vegetables - Tomatoes,"Tomatoes, Pruden's Purple",Pound,19-Jul,14.0
1213,Fruits & Vegetables - Tomatoes,"Tomatoes, Pruden's Purple",Pound,19-Aug,7.0
1214,Fruits & Vegetables - Tomatoes,"Tomatoes, Red Beefsteak",Pound,19-Apr,40.0
1215,Fruits & Vegetables - Tomatoes,"Tomatoes, Red Beefsteak",Pound,19-May,26.0
1216,Fruits & Vegetables - Tomatoes,"Tomatoes, Red Beefsteak",Pound,19-Jun,75.0
1217,Fruits & Vegetables - Tomatoes,"Tomatoes, Red Beefsteak",Pound,19-Jul,42.0
1218,Fruits & Vegetables - Tomatoes,"Tomatoes, Red Beefsteak",Pound,19-Aug,21.0
1219,Fruits & Vegetables - Tomatoes,"Tomatoes, Red Beefsteak",Pound,19-Sep,12.0
1220,Fruits & Vegetables - Tomatoes,"Tomatoes, Slicing",Pound,19-Jul,7.0
1221,Fruits & Vegetables - Tomatoes,"Tomatoes, Slicing",Pound,19-Aug,2.0
1222,Fruits & Vegetables - Tomatoes,"Tomatoes, Slicing",1 lb,19-Jul,26.0
1223,Fruits & Vegetables - Tomatoes,"Tomatoes, Slicing",1 lb,19-Aug,52.0
1224,Fruits & Vegetables - Tomatoes,"Tomatoes, Slicing",1 lb,19-Sep,17.0
1225,Fruits & Vegetables - Tomatoes,"Tomatoes, Slicing",1 lb,19-Oct,6.0
1226,Fruits & Vegetables - Tomatoes,"Tomatoes, Slicing (Yellow)",1 lb,19-Jul,1.0
1227,Fruits & Vegetables - Tomatoes,"Tomatoes, Slicing Heirlooms",Pound,19-Jul,5.0
1228,Fruits & Vegetables - Tomatoes,"Tomatoes, Slicing Heirlooms",Pound,19-Aug,21.0
1229,Fruits & Vegetables - Tomatoes,"Tomatoes, Slicing Heirlooms",Pound,19-Sep,6.0
1230,Fruits & Vegetables - Tomatoes,"Tomatoes, Slicing Heirlooms",Pound,19-Oct,2.0
1231,Fruits & Vegetables - Fermented Products,Turmeric Paste,Half pint,19-Dec,1.0
1232,Fruits & Vegetables - Greens,Turnip Greens,5 lb bag,19-Oct,2.0
1233,Fruits & Vegetables - Greens,Turnip Raab,1 bunch,19-Mar,7.0
1234,Fruits & Vegetables - Turnips,Turnips,1 bunch,18-Dec,8.0
1235,Fruits & Vegetables - Turnips,Turnips,1 bunch,19-Jan,24.0
1236,Fruits & Vegetables - Turnips,Turnips,1 bunch,19-Feb,2.0
1237,Fruits & Vegetables - Turnips,Turnips,1 bunch,19-Mar,14.0
1238,Fruits & Vegetables - Turnips,Turnips,1 bunch,19-Apr,6.0
1239,Fruits & Vegetables - Turnips,Turnips,1 bunch,19-May,13.0
1240,Fruits & Vegetables - Turnips,Turnips,1 bunch,19-Oct,4.0
1241,Fruits & Vegetables - Turnips,Turnips,1 bunch,19-Nov,34.0
1242,Fruits & Vegetables - Turnips,Turnips,1 bunch,19-Dec,16.0
1243,Fruits & Vegetables - Turnips,"Turnips, Baby Hakurei",1 bunch,19-Mar,7.0
1244,Fruits & Vegetables - Turnips,"Turnips, Baby Hakurei",1 bunch,19-Sep,6.0
1245,Fruits & Vegetables - Turnips,"Turnips, Des Vertus",1 bunch,19-May,21.0
1246,Fruits & Vegetables - Turnips,"Turnips, Des Vertus",1 bunch,19-Jun,17.0
1247,Fruits & Vegetables - Turnips,"Turnips, Hakurei",Pound,19-Oct,10.0
1248,Fruits & Vegetables - Turnips,"Turnips, Hakurei",1 bunch,19-Jan,25.0
1249,Fruits & Vegetables - Turnips,"Turnips, Hakurei",1 bunch,19-Feb,32.0
1250,Fruits & Vegetables - Turnips,"Turnips, Hakurei",1 bunch,19-Mar,36.0
1251,Fruits & Vegetables - Turnips,"Turnips, Hakurei",1 bunch,19-Apr,36.0
1252,Fruits & Vegetables - Turnips,"Turnips, Hakurei",1 bunch,19-May,20.0
1253,Fruits & Vegetables - Turnips,"Turnips, Hakurei",1 bunch,19-Oct,23.0
1254,Fruits & Vegetables - Turnips,"Turnips, Hakurei",1 bunch,19-Nov,39.0
1255,Fruits & Vegetables - Turnips,"Turnips, Hakurei",1 bunch,19-Dec,5.0
1256,Fruits & Vegetables - Turnips,"Turnips, Purple Top",Pound,19-Jan,16.0
1257,Fruits & Vegetables - Turnips,"Turnips, Purple Top",Pound,19-Feb,12.0
1258,Fruits & Vegetables - Turnips,"Turnips, Purple Top",Pound,19-Mar,21.0
1259,Fruits & Vegetables - Turnips,"Turnips, Purple Top",Pound,19-Nov,12.0
1260,Fruits & Vegetables - Turnips,"Turnips, Purple Top",Pound,19-Dec,10.0
1261,Fruits & Vegetables - Turnips,"Turnips, Purple Top",Each,19-Jul,3.0
1262,Fruits & Vegetables - Turnips,"Turnips, Without Tops",Pound,19-Dec,6.0
1263,Fruits & Vegetables - Greens,Watercress,"Bunch, 4 oz",19-May,6.0
1264,Fruits & Vegetables - Greens,Watercress,"Bunch, 4 oz",19-Jun,9.0
1265,Fruits & Vegetables - Greens,Watercress,"Bunch, 4 oz",19-Jul,5.0
1266,Fruits & Vegetables - Greens,Watercress,"Bunch, 4 oz",19-Aug,7.0
1267,Fruits & Vegetables - Greens,Watercress,"Bunch, 4 oz",19-Sep,3.0
1268,Fruits & Vegetables - Greens,Watercress,"Bunch, 4 oz",19-Oct,2.0
1269,Fruits & Vegetables - Greens,Watercress,"Bunch, 4 oz",19-Nov,4.0
1270,Fruits & Vegetables - Greens,Watercress,"Bunch, 4 oz",19-Dec,2.0
1271,Fruits & Vegetables - Watermelon,"Watermelon, Crimson Sweet",6-8 lbs,19-Sep,11.0
1272,Fruits & Vegetables - Watermelon,"Watermelon, Crimson Sweet",8-10 lbs,19-Sep,10.0
1273,Fruits & Vegetables - Watermelon,"Watermelon, Crimson Sweet",22-24 lbs,19-Sep,1.0
1274,Fruits & Vegetables - Watermelon,"Watermelon, Crimson Sweet",4-6 lbs,19-Sep,19.0
1275,Fruits & Vegetables - Watermelon,"Watermelon, Crimson Sweet",2-4 lbs,19-Sep,13.0
1276,Fruits & Vegetables - Watermelon,"Watermelon, Crimson Sweet",10-12 lbs,19-Sep,1.0
1277,Fruits & Vegetables - Watermelon,"Watermelon, Jubilee",8-10 lbs,19-Sep,5.0
1278,Fruits & Vegetables - Watermelon,"Watermelon, Jubilee",6-8 lbs,19-Sep,1.0
1279,Fruits & Vegetables - Watermelon,"Watermelon, Jubilee",2-4 lbs,19-Sep,2.0
1280,Fruits & Vegetables - Winter Squash,"Winter Squash, Spaghetti",2-4 pound,19-Aug,1.0
1281,Fruits & Vegetables - Winter Squash,"Winter Squash, Spaghetti",2-4 pound,19-Sep,18.0
1282,Fruits & Vegetables - Winter Squash,"Winter Squash, Spaghetti",4-6 pound,19-Aug,2.0
1283,Fruits & Vegetables - Winter Squash,"Winter Squash, Spaghetti",4-6 pound,19-Sep,3.0
1284,Fruits & Vegetables - Winter Squash,"Winter Squash, Spaghetti",2-4 lbs,19-Oct,4.0
1285,Fruits & Vegetables - Winter Squash,"Winter Squash, Spaghetti",2-4 lbs,19-Nov,2.0
1286,Fruits & Vegetables - Winter Squash,"Winter Squash, Spaghetti",1-2 pounds,19-Sep,2.0
1287,Fruits & Vegetables - Winter Squash,"Winter Squash, Spaghetti",1-2 pounds,19-Oct,2.0
